filename,fullname,year,policy_version,name_province,name_regency,bps_code,title_en,title_id
ACEH_BIREUEN.txt,ACEH BIREUEN,2022,1,ACEH,BIREUEN,1110.0,,
ACEH_SUBULUSSALAM_KOTA.txt,ACEH SUBULUSSALAM KOTA,2023,1,ACEH,SUBULUSSALAM,1175.0,,
BALI_BADUNG.txt,BALI BADUNG,2013,1,BALI,BADUNG,5103.0,,
BALI_BANGLI.txt,BALI BANGLI,2016,1,BALI,BANGLI,5106.0,,
BALI_BULELENG.txt,BALI BULELENG,2019,1,BALI,BULELENG,5108.0,,
BALI_TABANAN.txt,BALI TABANAN,2016,1,BALI,TABANAN,5102.0,,
BANTEN_TANGERANG_SELATAN_KOTA.txt,BANTEN TANGERANG SELATAN KOTA,2012,1,BANTEN,TANGERANG SELATAN,3674.0,,
BENGKULU_KEPAHIANG.txt,BENGKULU KEPAHIANG,2016,1,BENGKULU,KEPAHIANG,1708.0,,
BENGKULU_REJANG_LEBONG.txt,BENGKULU REJANG LEBONG,2015,1,BENGKULU,REJANG LEBONG,1702.0,,
BENGKULU_SELUMA.txt,BENGKULU SELUMA,2016,1,BENGKULU,SELUMA,1705.0,,
DI_YOGYAKARTA_BANTUL.txt,DI YOGYAKARTA BANTUL,2013,1,DI YOGYAKARTA,BANTUL,3402.0,,
DI_YOGYAKARTA_BANTUL_v2.txt,DI YOGYAKARTA BANTUL,2015,2,DI YOGYAKARTA,BANTUL,3402.0,,
DI_YOGYAKARTA_GUNUNGKIDUL.txt,DI YOGYAKARTA GUNUNGKIDUL,2012,1,DI YOGYAKARTA,GUNUNGKIDUL,3403.0,,
DI_YOGYAKARTA_GUNUNGKIDUL_v2.txt,DI YOGYAKARTA GUNUNGKIDUL,2020,2,DI YOGYAKARTA,GUNUNGKIDUL,3403.0,,
DI_YOGYAKARTA_KULON_PROGO.txt,DI YOGYAKARTA KULON PROGO,2015,1,DI YOGYAKARTA,KULON PROGO,3401.0,,
DI_YOGYAKARTA_SLEMAN.txt,DI YOGYAKARTA SLEMAN,2017,1,DI YOGYAKARTA,SLEMAN,3404.0,,
DKI_JAKARTA.txt,DKI JAKARTA,2011,1,,,,,
GORONTALO_GORONTALO.txt,GORONTALO GORONTALO,2018,1,GORONTALO,GORONTALO,7502.0,,
GORONTALO_GORONTALO_KOTA.txt,GORONTALO GORONTALO KOTA,2016,1,GORONTALO,GORONTALO,7571.0,,
GORONTALO_GORONTALO_UTARA.txt,GORONTALO GORONTALO UTARA,2019,1,GORONTALO,GORONTALO UTARA,7505.0,,
GORONTALO_POHUWATO.txt,GORONTALO POHUWATO,2018,1,GORONTALO,POHUWATO,7503.0,,
JAMBI_BUNGO.txt,JAMBI BUNGO,2022,1,JAMBI,BUNGO,1509.0,,
JAMBI_SAROLANGUN.txt,JAMBI SAROLANGUN,2023,1,JAMBI,SAROLANGUN,1503.0,,
JAWA_BARAT_BANDUNG.txt,JAWA BARAT BANDUNG,2016,1,JAWA BARAT,BANDUNG,3204.0,,
JAWA_BARAT_BANDUNG_BARAT.txt,JAWA BARAT BANDUNG BARAT,2015,1,JAWA BARAT,BANDUNG BARAT,3217.0,,
JAWA_BARAT_BANDUNG_KOTA.txt,JAWA BARAT BANDUNG KOTA,2025,1,JAWA BARAT,BANDUNG,3273.0,,
JAWA_BARAT_BANJAR_KOTA.txt,JAWA BARAT BANJAR KOTA,2017,1,JAWA BARAT,BANJAR,3279.0,,
JAWA_BARAT_BEKASI.txt,JAWA BARAT BEKASI,2020,1,JAWA BARAT,BEKASI,3216.0,,
JAWA_BARAT_BEKASI_KOTA.txt,JAWA BARAT BEKASI KOTA,2012,1,JAWA BARAT,BEKASI,3275.0,,
JAWA_BARAT_BEKASI_KOTA_v2.txt,JAWA BARAT BEKASI KOTA,2023,2,JAWA BARAT,BEKASI,3275.0,,
JAWA_BARAT_CIMAHI_KOTA.txt,JAWA BARAT CIMAHI KOTA,2018,1,JAWA BARAT,CIMAHI,3277.0,,
JAWA_BARAT_CIREBON.txt,JAWA BARAT CIREBON,2018,1,JAWA BARAT,CIREBON,3209.0,,
JAWA_BARAT_CIREBON_KOTA.txt,JAWA BARAT CIREBON KOTA,2024,1,JAWA BARAT,CIREBON,3274.0,,
JAWA_BARAT_GARUT.txt,JAWA BARAT GARUT,2016,1,JAWA BARAT,GARUT,3205.0,,
JAWA_BARAT_INDRAMAYU.txt,JAWA BARAT INDRAMAYU,2012,1,JAWA BARAT,INDRAMAYU,3212.0,,
JAWA_BARAT_KARAWANG.txt,JAWA BARAT KARAWANG,2017,1,JAWA BARAT,KARAWANG,3215.0,,
JAWA_BARAT_MAJALENGKA.txt,JAWA BARAT MAJALENGKA,2021,1,JAWA BARAT,MAJALENGKA,3210.0,,
JAWA_BARAT_PANGANDARAN.txt,JAWA BARAT PANGANDARAN,2019,1,JAWA BARAT,PANGANDARAN,3218.0,,
JAWA_BARAT_PURWAKARTA.txt,JAWA BARAT PURWAKARTA,2021,1,JAWA BARAT,PURWAKARTA,3214.0,,
JAWA_BARAT_SUMEDANG.txt,JAWA BARAT SUMEDANG,2024,1,JAWA BARAT,SUMEDANG,3211.0,,
JAWA_BARAT_TASIKMALAYA.txt,JAWA BARAT TASIKMALAYA,2019,1,JAWA BARAT,TASIKMALAYA,3206.0,,
JAWA_TENGAH_BANYUMAS.txt,JAWA TENGAH BANYUMAS,2015,1,JAWA TENGAH,BANYUMAS,3302.0,,
JAWA_TENGAH_BLORA.txt,JAWA TENGAH BLORA,2017,1,JAWA TENGAH,BLORA,3316.0,,
JAWA_TENGAH_BOYOLALI.txt,JAWA TENGAH BOYOLALI,2021,1,JAWA TENGAH,BOYOLALI,3309.0,,
JAWA_TENGAH_DEMAK.txt,JAWA TENGAH DEMAK,2014,1,JAWA TENGAH,DEMAK,3321.0,,
JAWA_TENGAH_KARANGANYAR.txt,JAWA TENGAH KARANGANYAR,2009,1,JAWA TENGAH,KARANGANYAR,3313.0,,
JAWA_TENGAH_KARANGANYAR_v2.txt,JAWA TENGAH KARANGANYAR,2017,2,JAWA TENGAH,KARANGANYAR,3313.0,,
JAWA_TENGAH_KEBUMEN.txt,JAWA TENGAH KEBUMEN,2025,1,JAWA TENGAH,KEBUMEN,3305.0,,
JAWA_TENGAH_KLATEN.txt,JAWA TENGAH KLATEN,2018,1,JAWA TENGAH,KLATEN,3310.0,,
JAWA_TENGAH_KUDUS.txt,JAWA TENGAH KUDUS,2013,1,JAWA TENGAH,KUDUS,3319.0,,
JAWA_TENGAH_MAGELANG.txt,JAWA TENGAH MAGELANG,2016,1,JAWA TENGAH,MAGELANG,3308.0,,
JAWA_TENGAH_MAGELANG_KOTA.txt,JAWA TENGAH MAGELANG KOTA,2012,1,JAWA TENGAH,MAGELANG,3371.0,,
JAWA_TENGAH_PATI.txt,JAWA TENGAH PATI,2015,1,JAWA TENGAH,PATI,3318.0,,
JAWA_TENGAH_PEKALONGAN.txt,JAWA TENGAH PEKALONGAN,2014,1,JAWA TENGAH,PEKALONGAN,3326.0,,
JAWA_TENGAH_PEKALONGAN_KOTA.txt,JAWA TENGAH PEKALONGAN KOTA,2015,1,JAWA TENGAH,PEKALONGAN,3375.0,,
JAWA_TENGAH_PURBALINGGA.txt,JAWA TENGAH PURBALINGGA,2017,1,JAWA TENGAH,PURBALINGGA,3303.0,,
JAWA_TENGAH_PURWOREJO.txt,JAWA TENGAH PURWOREJO,2022,1,JAWA TENGAH,PURWOREJO,3306.0,,
JAWA_TENGAH_SALATIGA_KOTA.txt,JAWA TENGAH SALATIGA KOTA,2013,1,JAWA TENGAH,SALATIGA,3373.0,,
JAWA_TENGAH_SEMARANG.txt,JAWA TENGAH SEMARANG,2015,1,JAWA TENGAH,SEMARANG,3322.0,,
JAWA_TENGAH_SEMARANG_KOTA.txt,JAWA TENGAH SEMARANG KOTA,2016,1,JAWA TENGAH,SEMARANG,3374.0,,
JAWA_TENGAH_SEMARANG_KOTA_v2.txt,JAWA TENGAH SEMARANG KOTA,2023,2,JAWA TENGAH,SEMARANG,3374.0,,
JAWA_TENGAH_SUKOHARJO.txt,JAWA TENGAH SUKOHARJO,2011,1,JAWA TENGAH,SUKOHARJO,3311.0,,
JAWA_TENGAH_SURAKARTA_KOTA.txt,JAWA TENGAH SURAKARTA KOTA,2024,1,JAWA TENGAH,SURAKARTA,3372.0,,
JAWA_TENGAH_TEMANGGUNG.txt,JAWA TENGAH TEMANGGUNG,2020,1,JAWA TENGAH,TEMANGGUNG,3323.0,,
JAWA_TENGAH_WONOGIRI.txt,JAWA TENGAH WONOGIRI,2013,1,JAWA TENGAH,WONOGIRI,3312.0,,
JAWA_TENGAH_WONOSOBO.txt,JAWA TENGAH WONOSOBO,2012,1,JAWA TENGAH,WONOSOBO,3307.0,,
JAWA_TIMUR_BANGKALAN.txt,JAWA TIMUR BANGKALAN,2009,1,JAWA TIMUR,BANGKALAN,3526.0,,
JAWA_TIMUR_BANYUWANGI.txt,JAWA TIMUR BANYUWANGI,2011,1,JAWA TIMUR,BANYUWANGI,3510.0,,
JAWA_TIMUR_BLITAR.txt,JAWA TIMUR BLITAR,2013,1,JAWA TIMUR,BLITAR,3505.0,,
JAWA_TIMUR_BLITAR_KOTA.txt,JAWA TIMUR BLITAR KOTA,2017,1,JAWA TIMUR,BLITAR,3572.0,,
JAWA_TIMUR_BOJONEGORO.txt,JAWA TIMUR BOJONEGORO,2011,1,JAWA TIMUR,BOJONEGORO,3522.0,,
JAWA_TIMUR_JEMBER.txt,JAWA TIMUR JEMBER,2008,1,JAWA TIMUR,JEMBER,3509.0,,
JAWA_TIMUR_JOMBANG.txt,JAWA TIMUR JOMBANG,2008,1,JAWA TIMUR,JOMBANG,3517.0,,
JAWA_TIMUR_LUMAJANG.txt,JAWA TIMUR LUMAJANG,2007,1,JAWA TIMUR,LUMAJANG,3508.0,,
JAWA_TIMUR_MADIUN.txt,JAWA TIMUR MADIUN,2008,1,JAWA TIMUR,MADIUN,3519.0,,
JAWA_TIMUR_MADIUN_KOTA.txt,JAWA TIMUR MADIUN KOTA,2015,1,JAWA TIMUR,MADIUN,3577.0,,
JAWA_TIMUR_MAGETAN.txt,JAWA TIMUR MAGETAN,2016,1,JAWA TIMUR,MAGETAN,3520.0,,
JAWA_TIMUR_MALANG_KOTA.txt,JAWA TIMUR MALANG KOTA,2015,1,JAWA TIMUR,MALANG,3573.0,,
JAWA_TIMUR_PASURUAN.txt,JAWA TIMUR PASURUAN,2018,1,JAWA TIMUR,PASURUAN,3514.0,,
JAWA_TIMUR_PROBOLINGGO.txt,JAWA TIMUR PROBOLINGGO,2019,1,JAWA TIMUR,PROBOLINGGO,3513.0,,
JAWA_TIMUR_PROBOLINGGO_KOTA.txt,JAWA TIMUR PROBOLINGGO KOTA,2018,1,JAWA TIMUR,PROBOLINGGO,3574.0,,
JAWA_TIMUR_SAMPANG.txt,JAWA TIMUR SAMPANG,2017,1,JAWA TIMUR,SAMPANG,3527.0,,
JAWA_TIMUR_SITUBONDO.txt,JAWA TIMUR SITUBONDO,2013,1,JAWA TIMUR,SITUBONDO,3512.0,,
JAWA_TIMUR_SUMENEP.txt,JAWA TIMUR SUMENEP,2011,1,JAWA TIMUR,SUMENEP,3529.0,,
JAWA_TIMUR_TRENGGALEK.txt,JAWA TIMUR TRENGGALEK,2012,1,JAWA TIMUR,TRENGGALEK,3503.0,,
KALIMANTAN_BARAT_BENGKAYANG.txt,KALIMANTAN BARAT BENGKAYANG,2016,1,KALIMANTAN BARAT,BENGKAYANG,6102.0,,
KALIMANTAN_BARAT_KUBU_RAYA.txt,KALIMANTAN BARAT KUBU RAYA,2016,1,KALIMANTAN BARAT,KUBU RAYA,6112.0,,
KALIMANTAN_BARAT_MELAWI.txt,KALIMANTAN BARAT MELAWI,2017,1,KALIMANTAN BARAT,MELAWI,6110.0,,
KALIMANTAN_BARAT_SAMBAS.txt,KALIMANTAN BARAT SAMBAS,2022,1,KALIMANTAN BARAT,SAMBAS,6101.0,,
KALIMANTAN_BARAT_SANGGAU.txt,KALIMANTAN BARAT SANGGAU,2019,1,KALIMANTAN BARAT,SANGGAU,6105.0,,
KALIMANTAN_BARAT_SINGKAWANG_KOTA.txt,KALIMANTAN BARAT SINGKAWANG KOTA,2017,1,KALIMANTAN BARAT,SINGKAWANG,6172.0,,
KALIMANTAN_BARAT_SINTANG.txt,KALIMANTAN BARAT SINTANG,2015,1,KALIMANTAN BARAT,SINTANG,6107.0,,
KALIMANTAN_SELATAN_BALANGAN.txt,KALIMANTAN SELATAN BALANGAN,2016,1,KALIMANTAN SELATAN,BALANGAN,6311.0,,
KALIMANTAN_SELATAN_BARITO_KUALA.txt,KALIMANTAN SELATAN BARITO KUALA,2015,1,KALIMANTAN SELATAN,BARITO KUALA,6304.0,,
KALIMANTAN_SELATAN_HULU_SUNGAI_SELATAN.txt,KALIMANTAN SELATAN HULU SUNGAI SELATAN,2021,1,KALIMANTAN SELATAN,HULU SUNGAI SELATAN,6306.0,,
KALIMANTAN_SELATAN_HULU_SUNGAI_UTARA.txt,KALIMANTAN SELATAN HULU SUNGAI UTARA,2016,1,KALIMANTAN SELATAN,HULU SUNGAI UTARA,6308.0,,
KALIMANTAN_SELATAN_KOTABARU.txt,KALIMANTAN SELATAN KOTABARU,2014,1,KALIMANTAN SELATAN,KOTABARU,6302.0,,
KALIMANTAN_SELATAN_TABALONG.txt,KALIMANTAN SELATAN TABALONG,2017,1,KALIMANTAN SELATAN,TABALONG,6309.0,,
KALIMANTAN_SELATAN_TANAH_BUMBU.txt,KALIMANTAN SELATAN TANAH BUMBU,2023,1,KALIMANTAN SELATAN,TANAH BUMBU,6310.0,,
KALIMANTAN_SELATAN_TAPIN.txt,KALIMANTAN SELATAN TAPIN,2015,1,KALIMANTAN SELATAN,TAPIN,6305.0,,
KALIMANTAN_TENGAH_BARITO_TIMUR.txt,KALIMANTAN TENGAH BARITO TIMUR,2019,1,KALIMANTAN TENGAH,BARITO TIMUR,6212.0,,
KALIMANTAN_TENGAH_GUNUNG_MAS.txt,KALIMANTAN TENGAH GUNUNG MAS,2021,1,KALIMANTAN TENGAH,GUNUNG MAS,6211.0,,
KALIMANTAN_TENGAH_KATINGAN.txt,KALIMANTAN TENGAH KATINGAN,2023,1,KALIMANTAN TENGAH,KATINGAN,6209.0,,
KALIMANTAN_TENGAH_KOTAWARINGIN_TIMUR.txt,KALIMANTAN TENGAH KOTAWARINGIN TIMUR,2015,1,KALIMANTAN TENGAH,KOTAWARINGIN TIMUR,6202.0,,
KALIMANTAN_TENGAH_LAMANDAU.txt,KALIMANTAN TENGAH LAMANDAU,2015,1,KALIMANTAN TENGAH,LAMANDAU,6207.0,,
KALIMANTAN_TENGAH_PALANGKA_RAYA_KOTA.txt,KALIMANTAN TENGAH PALANGKA RAYA KOTA,2021,1,KALIMANTAN TENGAH,PALANGKA RAYA,6271.0,,
KALIMANTAN_TENGAH_PULANG_PISAU.txt,KALIMANTAN TENGAH PULANG PISAU,2024,1,KALIMANTAN TENGAH,PULANG PISAU,6210.0,,
KALIMANTAN_TENGAH_SUKAMARA.txt,KALIMANTAN TENGAH SUKAMARA,2022,1,KALIMANTAN TENGAH,SUKAMARA,6206.0,,
KALIMANTAN_TIMUR_BONTANG_KOTA.txt,KALIMANTAN TIMUR BONTANG KOTA,2012,1,KALIMANTAN TIMUR,BONTANG,6474.0,,
KALIMANTAN_TIMUR_KUTAI_BARAT.txt,KALIMANTAN TIMUR KUTAI BARAT,2019,1,KALIMANTAN TIMUR,KUTAI BARAT,6402.0,,
KALIMANTAN_TIMUR_KUTAI_TIMUR.txt,KALIMANTAN TIMUR KUTAI TIMUR,2023,1,KALIMANTAN TIMUR,KUTAI TIMUR,6404.0,,
KALIMANTAN_TIMUR_PASER.txt,KALIMANTAN TIMUR PASER,2016,1,KALIMANTAN TIMUR,PASER,6401.0,,
KALIMANTAN_TIMUR_PENAJAM_PASER_UTARA.txt,KALIMANTAN TIMUR PENAJAM PASER UTARA,2023,1,KALIMANTAN TIMUR,PENAJAM PASER UTARA,6409.0,,
KALIMANTAN_UTARA_NUNUKAN.txt,KALIMANTAN UTARA NUNUKAN,2015,1,KALIMANTAN UTARA,NUNUKAN,6504.0,,
KEPULAUAN_BANGKA_BELITUNG_BANGKA.txt,KEPULAUAN BANGKA BELITUNG BANGKA,2019,1,KEPULAUAN BANGKA BELITUNG,BANGKA,1901.0,,
KEPULAUAN_BANGKA_BELITUNG_BANGKA_BARAT.txt,KEPULAUAN BANGKA BELITUNG BANGKA BARAT,2011,1,KEPULAUAN BANGKA BELITUNG,BANGKA BARAT,1903.0,,
KEPULAUAN_BANGKA_BELITUNG_BANGKA_BARAT_v2.txt,KEPULAUAN BANGKA BELITUNG BANGKA BARAT,2013,2,KEPULAUAN BANGKA BELITUNG,BANGKA BARAT,1903.0,,
KEPULAUAN_BANGKA_BELITUNG_BANGKA_SELATAN.txt,KEPULAUAN BANGKA BELITUNG BANGKA SELATAN,2015,1,KEPULAUAN BANGKA BELITUNG,BANGKA SELATAN,1905.0,,
KEPULAUAN_BANGKA_BELITUNG_BANGKA_SELATAN_v2.txt,KEPULAUAN BANGKA BELITUNG BANGKA SELATAN,2018,2,KEPULAUAN BANGKA BELITUNG,BANGKA SELATAN,1905.0,,
KEPULAUAN_BANGKA_BELITUNG_BANGKA_TENGAH.txt,KEPULAUAN BANGKA BELITUNG BANGKA TENGAH,2014,1,KEPULAUAN BANGKA BELITUNG,BANGKA TENGAH,1904.0,,
KEPULAUAN_BANGKA_BELITUNG_BELITUNG.txt,KEPULAUAN BANGKA BELITUNG BELITUNG,2018,1,KEPULAUAN BANGKA BELITUNG,BELITUNG,1902.0,,
KEPULAUAN_BANGKA_BELITUNG_PANGKALPINANG_KOTA.txt,KEPULAUAN BANGKA BELITUNG PANGKALPINANG KOTA,2020,1,KEPULAUAN BANGKA BELITUNG,PANGKALPINANG,1971.0,,
KEPULAUAN_RIAU_KARIMUN.txt,KEPULAUAN RIAU KARIMUN,2018,1,KEPULAUAN RIAU,KARIMUN,2101.0,,
LAMPUNG_BANDAR_LAMPUNG_KOTA.txt,LAMPUNG BANDAR LAMPUNG KOTA,2019,1,LAMPUNG,BANDAR LAMPUNG,1871.0,,
LAMPUNG_LAMPUNG_TIMUR.txt,LAMPUNG LAMPUNG TIMUR,2013,1,LAMPUNG,LAMPUNG TIMUR,1804.0,,
LAMPUNG_LAMPUNG_UTARA.txt,LAMPUNG LAMPUNG UTARA,2017,1,LAMPUNG,LAMPUNG UTARA,1806.0,,
LAMPUNG_METRO_KOTA.txt,LAMPUNG METRO KOTA,2014,1,LAMPUNG,METRO,1872.0,,
LAMPUNG_PESAWARAN.txt,LAMPUNG PESAWARAN,2019,1,LAMPUNG,PESAWARAN,1809.0,,
LAMPUNG_PESISIR_BARAT.txt,LAMPUNG PESISIR BARAT,2022,1,LAMPUNG,PESISIR BARAT,1813.0,,
LAMPUNG_PRINGSEWU.txt,LAMPUNG PRINGSEWU,2015,1,LAMPUNG,PRINGSEWU,1810.0,,
LAMPUNG_TANGGAMUS.txt,LAMPUNG TANGGAMUS,2024,1,LAMPUNG,TANGGAMUS,1802.0,,
MALUKU_KEPULAUAN_TANIMBAR.txt,MALUKU KEPULAUAN TANIMBAR,2017,1,MALUKU,KEPULAUAN TANIMBAR,8101.0,,
MALUKU_MALUKU_TENGAH.txt,MALUKU MALUKU TENGAH,2022,1,MALUKU,MALUKU TENGAH,8103.0,,
MALUKU_SERAM_BAGIAN_BARAT.txt,MALUKU SERAM BAGIAN BARAT,2019,1,MALUKU,SERAM BAGIAN BARAT,8106.0,,
MALUKU_TUAL_KOTA.txt,MALUKU TUAL KOTA,2019,1,MALUKU,TUAL,8172.0,,
MALUKU_UTARA_HALMAHERA_TIMUR.txt,MALUKU UTARA HALMAHERA TIMUR,2022,1,MALUKU UTARA,HALMAHERA TIMUR,8206.0,,
MALUKU_UTARA_TERNATE_KOTA.txt,MALUKU UTARA TERNATE KOTA,2013,1,MALUKU UTARA,TERNATE,8271.0,,
NUSA_TENGGARA_BARAT_BIMA.txt,NUSA TENGGARA BARAT BIMA,2019,1,NUSA TENGGARA BARAT,BIMA,5206.0,,
NUSA_TENGGARA_BARAT_BIMA_KOTA.txt,NUSA TENGGARA BARAT BIMA KOTA,2018,1,NUSA TENGGARA BARAT,BIMA,5272.0,,
NUSA_TENGGARA_BARAT_DOMPU.txt,NUSA TENGGARA BARAT DOMPU,2024,1,NUSA TENGGARA BARAT,DOMPU,5205.0,,
NUSA_TENGGARA_BARAT_LOMBOK_TENGAH.txt,NUSA TENGGARA BARAT LOMBOK TENGAH,2009,1,NUSA TENGGARA BARAT,LOMBOK TENGAH,5202.0,,
NUSA_TENGGARA_BARAT_LOMBOK_TENGAH_v2.txt,NUSA TENGGARA BARAT LOMBOK TENGAH,2024,2,NUSA TENGGARA BARAT,LOMBOK TENGAH,5202.0,,
NUSA_TENGGARA_BARAT_LOMBOK_UTARA.txt,NUSA TENGGARA BARAT LOMBOK UTARA,2017,1,NUSA TENGGARA BARAT,LOMBOK UTARA,5208.0,,
NUSA_TENGGARA_BARAT_MATARAM_KOTA.txt,NUSA TENGGARA BARAT MATARAM KOTA,2012,1,NUSA TENGGARA BARAT,MATARAM,5271.0,,
NUSA_TENGGARA_TIMUR_MANGGARAI.txt,NUSA TENGGARA TIMUR MANGGARAI,2018,1,NUSA TENGGARA TIMUR,MANGGARAI,5313.0,,
NUSA_TENGGARA_TIMUR_MANGGARAI_BARAT.txt,NUSA TENGGARA TIMUR MANGGARAI BARAT,2017,1,NUSA TENGGARA TIMUR,MANGGARAI BARAT,5315.0,,
NUSA_TENGGARA_TIMUR_SIKKA.txt,NUSA TENGGARA TIMUR SIKKA,2012,1,NUSA TENGGARA TIMUR,SIKKA,5310.0,,
NUSA_TENGGARA_TIMUR_TIMOR_TENGAH_UTARA.txt,NUSA TENGGARA TIMUR TIMOR TENGAH UTARA,2020,1,NUSA TENGGARA TIMUR,TIMOR TENGAH UTARA,5305.0,,
PAPUA_BARAT_DAYA_SORONG.txt,PAPUA BARAT DAYA SORONG,2015,1,PAPUA BARAT DAYA,SORONG,9202.0,,
PAPUA_BARAT_DAYA_TAMBRAUW.txt,PAPUA BARAT DAYA TAMBRAUW,2016,1,PAPUA BARAT DAYA,TAMBRAUW,9205.0,,
RIAU_BENGKALIS.txt,RIAU BENGKALIS,2022,1,RIAU,BENGKALIS,1408.0,,
RIAU_PEKANBARU_KOTA.txt,RIAU PEKANBARU KOTA,2023,1,RIAU,PEKANBARU,1471.0,,
SULAWESI_BARAT_MAMUJU.txt,SULAWESI BARAT MAMUJU,2023,1,SULAWESI BARAT,MAMUJU,7604.0,,
SULAWESI_BARAT_PASANGKAYU.txt,SULAWESI BARAT PASANGKAYU,2019,1,SULAWESI BARAT,PASANGKAYU,7605.0,,
SULAWESI_SELATAN_BULUKUMBA.txt,SULAWESI SELATAN BULUKUMBA,2024,1,SULAWESI SELATAN,BULUKUMBA,7302.0,,
SULAWESI_SELATAN_ENREKANG.txt,SULAWESI SELATAN ENREKANG,2018,1,SULAWESI SELATAN,ENREKANG,7316.0,,
SULAWESI_SELATAN_LUWU.txt,SULAWESI SELATAN LUWU,2019,1,SULAWESI SELATAN,LUWU,7325.0,,
SULAWESI_SELATAN_LUWU_TIMUR.txt,SULAWESI SELATAN LUWU TIMUR,2021,2,SULAWESI SELATAN,LUWU TIMUR,7325.0,,
SULAWESI_SELATAN_PALOPO_KOTA.txt,SULAWESI SELATAN PALOPO KOTA,2016,1,SULAWESI SELATAN,PALOPO,7373.0,,
SULAWESI_SELATAN_TANA_TORAJA.txt,SULAWESI SELATAN TANA TORAJA,2017,1,SULAWESI SELATAN,TANA TORAJA,7318.0,,
SULAWESI_TENGAH_BUOL.txt,SULAWESI TENGAH BUOL,2018,1,SULAWESI TENGAH,BUOL,7207.0,,
SULAWESI_TENGAH_DONGGALA.txt,SULAWESI TENGAH DONGGALA,2014,1,SULAWESI TENGAH,DONGGALA,7205.0,,
SULAWESI_TENGAH_MOROWALI.txt,SULAWESI TENGAH MOROWALI,2022,1,SULAWESI TENGAH,MOROWALI,7203.0,,
SULAWESI_TENGAH_PARIGI_MOUTONG.txt,SULAWESI TENGAH PARIGI MOUTONG,2018,1,SULAWESI TENGAH,PARIGI MOUTONG,7208.0,,
SULAWESI_TENGAH_POSO.txt,SULAWESI TENGAH POSO,2008,1,SULAWESI TENGAH,POSO,7204.0,,
SULAWESI_TENGAH_SIGI.txt,SULAWESI TENGAH SIGI,2016,1,SULAWESI TENGAH,SIGI,7210.0,,
SULAWESI_TENGAH_TOLI_TOLI.txt,SULAWESI TENGAH TOLI TOLI,2023,1,SULAWESI TENGAH,TOLI TOLI,7206.0,,
SULAWESI_TENGGARA_BUTON.txt,SULAWESI TENGGARA BUTON,2021,1,SULAWESI TENGGARA,BUTON,7401.0,,
SULAWESI_TENGGARA_BUTON_SELATAN.txt,SULAWESI TENGGARA BUTON SELATAN,2021,1,SULAWESI TENGGARA,BUTON SELATAN,7415.0,,
SULAWESI_TENGGARA_BUTON_UTARA.txt,SULAWESI TENGGARA BUTON UTARA,2022,1,SULAWESI TENGGARA,BUTON UTARA,7409.0,,
SULAWESI_TENGGARA_KONAWE.txt,SULAWESI TENGGARA KONAWE,2018,1,SULAWESI TENGGARA,KONAWE,7403.0,,
SULAWESI_TENGGARA_KONAWE_KEPULAUAN.txt,SULAWESI TENGGARA KONAWE KEPULAUAN,2021,1,SULAWESI TENGGARA,KONAWE KEPULAUAN,7412.0,,
SULAWESI_TENGGARA_KONAWE_UTARA.txt,SULAWESI TENGGARA KONAWE UTARA,2022,1,SULAWESI TENGGARA,KONAWE UTARA,7410.0,,
SULAWESI_TENGGARA_MUNA.txt,SULAWESI TENGGARA MUNA,2019,1,SULAWESI TENGGARA,MUNA,7402.0,,
SULAWESI_TENGGARA_MUNA_BARAT.txt,SULAWESI TENGGARA MUNA BARAT,2022,1,SULAWESI TENGGARA,MUNA BARAT,7413.0,,
SULAWESI_UTARA_BITUNG_KOTA.txt,SULAWESI UTARA BITUNG KOTA,2019,1,SULAWESI UTARA,BITUNG,7172.0,,
SULAWESI_UTARA_MINAHASA_TENGGARA.txt,SULAWESI UTARA MINAHASA TENGGARA,2016,1,SULAWESI UTARA,MINAHASA TENGGARA,7109.0,,
SUMATERA_BARAT_BUKITTINGGI_KOTA.txt,SUMATERA BARAT BUKITTINGGI KOTA,2015,1,SUMATERA BARAT,BUKITTINGGI,1375.0,,
SUMATERA_BARAT_DHARMASRAYA.txt,SUMATERA BARAT DHARMASRAYA,2018,1,SUMATERA BARAT,DHARMASRAYA,1311.0,,
SUMATERA_BARAT_KEPULAUAN_MENTAWAI.txt,SUMATERA BARAT KEPULAUAN MENTAWAI,2025,1,SUMATERA BARAT,KEPULAUAN MENTAWAI,1301.0,,
SUMATERA_BARAT_PADANG_PARIAMAN.txt,SUMATERA BARAT PADANG PARIAMAN,2017,1,SUMATERA BARAT,PADANG PARIAMAN,1306.0,,
SUMATERA_BARAT_PAYAKUMBUH_KOTA.txt,SUMATERA BARAT PAYAKUMBUH KOTA,2016,1,SUMATERA BARAT,PAYAKUMBUH,1376.0,,
SUMATERA_BARAT_PESISIR_SELATAN.txt,SUMATERA BARAT PESISIR SELATAN,2017,1,SUMATERA BARAT,PESISIR SELATAN,1302.0,,
SUMATERA_BARAT_SOLOK_KOTA.txt,SUMATERA BARAT SOLOK KOTA,2020,1,SUMATERA BARAT,SOLOK,1372.0,,
SUMATERA_SELATAN_MUARA_ENIM.txt,SUMATERA SELATAN MUARA ENIM,2023,1,SUMATERA SELATAN,MUARA ENIM,1603.0,,
SUMATERA_SELATAN_MUSI_BANYUASIN.txt,SUMATERA SELATAN MUSI BANYUASIN,2018,1,SUMATERA SELATAN,MUSI BANYUASIN,1606.0,,
SUMATERA_SELATAN_MUSI_RAWAS.txt,SUMATERA SELATAN MUSI RAWAS,2018,1,SUMATERA SELATAN,MUSI RAWAS,1605.0,,
SUMATERA_SELATAN_MUSI_RAWAS_UTARA.txt,SUMATERA SELATAN MUSI RAWAS UTARA,2019,1,SUMATERA SELATAN,MUSI RAWAS UTARA,1613.0,,
SUMATERA_SELATAN_OGAN_KOMERING_ULU.txt,SUMATERA SELATAN OGAN KOMERING ULU,2012,1,SUMATERA SELATAN,OGAN KOMERING ULU,1601.0,,
SUMATERA_SELATAN_OGAN_KOMERING_ULU_v2.txt,SUMATERA SELATAN OGAN KOMERING ULU,2022,2,SUMATERA SELATAN,OGAN KOMERING ULU,1601.0,,
SUMATERA_SELATAN_OGAN_KOMERING_ULU_SELATAN.txt,SUMATERA SELATAN OGAN KOMERING ULU SELATAN,2020,1,SUMATERA SELATAN,OGAN KOMERING ULU SELATAN,1608.0,,
SUMATERA_SELATAN_PALEMBANG_KOTA.txt,SUMATERA SELATAN PALEMBANG KOTA,2022,1,SUMATERA SELATAN,PALEMBANG,1671.0,,
SUMATERA_SELATAN_PENUKAL_ABAB_LEMATANG_ILIR.txt,SUMATERA SELATAN PENUKAL ABAB LEMATANG ILIR,2019,1,SUMATERA SELATAN,PENUKAL ABAB LEMATANG ILIR,1612.0,,
SUMATERA_SELATAN_PRABUMULIH_KOTA.txt,SUMATERA SELATAN PRABUMULIH KOTA,2021,1,SUMATERA SELATAN,PRABUMULIH,1672.0,,
SUMATERA_UTARA_BATU_BARA.txt,SUMATERA UTARA BATU BARA,2016,1,SUMATERA UTARA,BATU BARA,1219.0,,
SUMATERA_UTARA_LABUHANBATU_SELATAN.txt,SUMATERA UTARA LABUHANBATU SELATAN,2023,1,SUMATERA UTARA,LABUHANBATU SELATAN,1222.0,,
SUMATERA_UTARA_PADANGSIDIMPUAN_KOTA.txt,SUMATERA UTARA PADANGSIDIMPUAN KOTA,2021,1,SUMATERA UTARA,PADANGSIDIMPUAN,1277.0,,
SUMATERA_UTARA_PAKPAK_BHARAT.txt,SUMATERA UTARA PAKPAK BHARAT,2017,1,SUMATERA UTARA,PAKPAK BHARAT,1216.0,,
