nama_prov,value_prov,variable_kab,nama_kab,value_kab,kab,fullname,filename
ACEH,11,R102,SIMEULUE,1101,1,ACEH SIMEULUE,ACEH_SIMEULUE.txt
ACEH,11,R102,ACEH SINGKIL,1102,2,ACEH ACEH SINGKIL,ACEH_ACEH_SINGKIL.txt
ACEH,11,R102,ACEH SELATAN,1103,3,ACEH ACEH SELATAN,ACEH_ACEH_SELATAN.txt
ACEH,11,R102,ACEH TENGGARA,1104,4,ACEH ACEH TENGGARA,ACEH_ACEH_TENGGARA.txt
ACEH,11,R102,ACEH TIMUR,1105,5,ACEH ACEH TIMUR,ACEH_ACEH_TIMUR.txt
ACEH,11,R102,ACEH TENGAH,1106,6,ACEH ACEH TENGAH,ACEH_ACEH_TENGAH.txt
ACEH,11,R102,ACEH BARAT,1107,7,ACEH ACEH BARAT,ACEH_ACEH_BARAT.txt
ACEH,11,R102,ACEH BESAR,1108,8,ACEH ACEH BESAR,ACEH_ACEH_BESAR.txt
ACEH,11,R102,PIDIE,1109,9,ACEH PIDIE,ACEH_PIDIE.txt
ACEH,11,R102,BIREUEN,1110,10,ACEH BIREUEN,ACEH_BIREUEN.txt
ACEH,11,R102,ACEH UTARA,1111,11,ACEH ACEH UTARA,ACEH_ACEH_UTARA.txt
ACEH,11,R102,ACEH BARAT DAYA,1112,12,ACEH ACEH BARAT DAYA,ACEH_ACEH_BARAT_DAYA.txt
ACEH,11,R102,GAYO LUES,1113,13,ACEH GAYO LUES,ACEH_GAYO_LUES.txt
ACEH,11,R102,ACEH TAMIANG,1114,14,ACEH ACEH TAMIANG,ACEH_ACEH_TAMIANG.txt
ACEH,11,R102,NAGAN RAYA,1115,15,ACEH NAGAN RAYA,ACEH_NAGAN_RAYA.txt
ACEH,11,R102,ACEH JAYA,1116,16,ACEH ACEH JAYA,ACEH_ACEH_JAYA.txt
ACEH,11,R102,BENER MERIAH,1117,17,ACEH BENER MERIAH,ACEH_BENER_MERIAH.txt
ACEH,11,R102,PIDIE JAYA,1118,18,ACEH PIDIE JAYA,ACEH_PIDIE_JAYA.txt
ACEH,11,R102,BANDA ACEH,1171,71,ACEH BANDA ACEH KOTA,ACEH_BANDA_ACEH_KOTA.txt
ACEH,11,R102,SABANG,1172,72,ACEH SABANG KOTA,ACEH_SABANG_KOTA.txt
ACEH,11,R102,LANGSA,1173,73,ACEH LANGSA KOTA,ACEH_LANGSA_KOTA.txt
ACEH,11,R102,LHOKSEUMAWE,1174,74,ACEH LHOKSEUMAWE KOTA,ACEH_LHOKSEUMAWE_KOTA.txt
ACEH,11,R102,SUBULUSSALAM,1175,75,ACEH SUBULUSSALAM KOTA,ACEH_SUBULUSSALAM_KOTA.txt
SUMATERA UTARA,12,R102,NIAS,1201,1,SUMATERA UTARA NIAS,SUMATERA_UTARA_NIAS.txt
SUMATERA UTARA,12,R102,MANDAILING NATAL,1202,2,SUMATERA UTARA MANDAILING NATAL,SUMATERA_UTARA_MANDAILING_NATAL.txt
SUMATERA UTARA,12,R102,TAPANULI SELATAN,1203,3,SUMATERA UTARA TAPANULI SELATAN,SUMATERA_UTARA_TAPANULI_SELATAN.txt
SUMATERA UTARA,12,R102,TAPANULI TENGAH,1204,4,SUMATERA UTARA TAPANULI TENGAH,SUMATERA_UTARA_TAPANULI_TENGAH.txt
SUMATERA UTARA,12,R102,TAPANULI UTARA,1205,5,SUMATERA UTARA TAPANULI UTARA,SUMATERA_UTARA_TAPANULI_UTARA.txt
SUMATERA UTARA,12,R102,TOBA,1206,6,SUMATERA UTARA TOBA,SUMATERA_UTARA_TOBA.txt
SUMATERA UTARA,12,R102,LABUHANBATU,1207,7,SUMATERA UTARA LABUHANBATU,SUMATERA_UTARA_LABUHANBATU.txt
SUMATERA UTARA,12,R102,ASAHAN,1208,8,SUMATERA UTARA ASAHAN,SUMATERA_UTARA_ASAHAN.txt
SUMATERA UTARA,12,R102,SIMALUNGUN,1209,9,SUMATERA UTARA SIMALUNGUN,SUMATERA_UTARA_SIMALUNGUN.txt
SUMATERA UTARA,12,R102,DAIRI,1210,10,SUMATERA UTARA DAIRI,SUMATERA_UTARA_DAIRI.txt
SUMATERA UTARA,12,R102,KARO,1211,11,SUMATERA UTARA KARO,SUMATERA_UTARA_KARO.txt
SUMATERA UTARA,12,R102,DELI SERDANG,1212,12,SUMATERA UTARA DELI SERDANG,SUMATERA_UTARA_DELI_SERDANG.txt
SUMATERA UTARA,12,R102,LANGKAT,1213,13,SUMATERA UTARA LANGKAT,SUMATERA_UTARA_LANGKAT.txt
SUMATERA UTARA,12,R102,NIAS SELATAN,1214,14,SUMATERA UTARA NIAS SELATAN,SUMATERA_UTARA_NIAS_SELATAN.txt
SUMATERA UTARA,12,R102,HUMBANG HASUNDUTAN,1215,15,SUMATERA UTARA HUMBANG HASUNDUTAN,SUMATERA_UTARA_HUMBANG_HASUNDUTAN.txt
SUMATERA UTARA,12,R102,PAKPAK BHARAT,1216,16,SUMATERA UTARA PAKPAK BHARAT,SUMATERA_UTARA_PAKPAK_BHARAT.txt
SUMATERA UTARA,12,R102,SAMOSIR,1217,17,SUMATERA UTARA SAMOSIR,SUMATERA_UTARA_SAMOSIR.txt
SUMATERA UTARA,12,R102,SERDANG BEDAGAI,1218,18,SUMATERA UTARA SERDANG BEDAGAI,SUMATERA_UTARA_SERDANG_BEDAGAI.txt
SUMATERA UTARA,12,R102,BATU BARA,1219,19,SUMATERA UTARA BATU BARA,SUMATERA_UTARA_BATU_BARA.txt
SUMATERA UTARA,12,R102,PADANG LAWAS UTARA,1220,20,SUMATERA UTARA PADANG LAWAS UTARA,SUMATERA_UTARA_PADANG_LAWAS_UTARA.txt
SUMATERA UTARA,12,R102,PADANG LAWAS,1221,21,SUMATERA UTARA PADANG LAWAS,SUMATERA_UTARA_PADANG_LAWAS.txt
SUMATERA UTARA,12,R102,LABUHANBATU SELATAN,1222,22,SUMATERA UTARA LABUHANBATU SELATAN,SUMATERA_UTARA_LABUHANBATU_SELATAN.txt
SUMATERA UTARA,12,R102,LABUHANBATU UTARA,1223,23,SUMATERA UTARA LABUHANBATU UTARA,SUMATERA_UTARA_LABUHANBATU_UTARA.txt
SUMATERA UTARA,12,R102,NIAS UTARA,1224,24,SUMATERA UTARA NIAS UTARA,SUMATERA_UTARA_NIAS_UTARA.txt
SUMATERA UTARA,12,R102,NIAS BARAT,1225,25,SUMATERA UTARA NIAS BARAT,SUMATERA_UTARA_NIAS_BARAT.txt
SUMATERA UTARA,12,R102,SIBOLGA,1271,71,SUMATERA UTARA SIBOLGA KOTA,SUMATERA_UTARA_SIBOLGA_KOTA.txt
SUMATERA UTARA,12,R102,TANJUNGBALAI,1272,72,SUMATERA UTARA TANJUNGBALAI KOTA,SUMATERA_UTARA_TANJUNGBALAI_KOTA.txt
SUMATERA UTARA,12,R102,PEMATANGSIANTAR,1273,73,SUMATERA UTARA PEMATANGSIANTAR KOTA,SUMATERA_UTARA_PEMATANGSIANTAR_KOTA.txt
SUMATERA UTARA,12,R102,TEBING TINGGI,1274,74,SUMATERA UTARA TEBING TINGGI KOTA,SUMATERA_UTARA_TEBING_TINGGI_KOTA.txt
SUMATERA UTARA,12,R102,MEDAN,1275,75,SUMATERA UTARA MEDAN KOTA,SUMATERA_UTARA_MEDAN_KOTA.txt
SUMATERA UTARA,12,R102,BINJAI,1276,76,SUMATERA UTARA BINJAI KOTA,SUMATERA_UTARA_BINJAI_KOTA.txt
SUMATERA UTARA,12,R102,PADANGSIDIMPUAN,1277,77,SUMATERA UTARA PADANGSIDIMPUAN KOTA,SUMATERA_UTARA_PADANGSIDIMPUAN_KOTA.txt
SUMATERA UTARA,12,R102,GUNUNGSITOLI,1278,78,SUMATERA UTARA GUNUNGSITOLI KOTA,SUMATERA_UTARA_GUNUNGSITOLI_KOTA.txt
SUMATERA BARAT,13,R102,KEPULAUAN MENTAWAI,1301,1,SUMATERA BARAT KEPULAUAN MENTAWAI,SUMATERA_BARAT_KEPULAUAN_MENTAWAI.txt
SUMATERA BARAT,13,R102,PESISIR SELATAN,1302,2,SUMATERA BARAT PESISIR SELATAN,SUMATERA_BARAT_PESISIR_SELATAN.txt
SUMATERA BARAT,13,R102,SOLOK,1303,3,SUMATERA BARAT SOLOK,SUMATERA_BARAT_SOLOK.txt
SUMATERA BARAT,13,R102,SIJUNJUNG,1304,4,SUMATERA BARAT SIJUNJUNG,SUMATERA_BARAT_SIJUNJUNG.txt
SUMATERA BARAT,13,R102,TANAH DATAR,1305,5,SUMATERA BARAT TANAH DATAR,SUMATERA_BARAT_TANAH_DATAR.txt
SUMATERA BARAT,13,R102,PADANG PARIAMAN,1306,6,SUMATERA BARAT PADANG PARIAMAN,SUMATERA_BARAT_PADANG_PARIAMAN.txt
SUMATERA BARAT,13,R102,AGAM,1307,7,SUMATERA BARAT AGAM,SUMATERA_BARAT_AGAM.txt
SUMATERA BARAT,13,R102,LIMA PULUH KOTA,1308,8,SUMATERA BARAT LIMA PULUH KOTA,SUMATERA_BARAT_LIMA_PULUH_KOTA.txt
SUMATERA BARAT,13,R102,PASAMAN,1309,9,SUMATERA BARAT PASAMAN,SUMATERA_BARAT_PASAMAN.txt
SUMATERA BARAT,13,R102,SOLOK SELATAN,1310,10,SUMATERA BARAT SOLOK SELATAN,SUMATERA_BARAT_SOLOK_SELATAN.txt
SUMATERA BARAT,13,R102,DHARMASRAYA,1311,11,SUMATERA BARAT DHARMASRAYA,SUMATERA_BARAT_DHARMASRAYA.txt
SUMATERA BARAT,13,R102,PASAMAN BARAT,1312,12,SUMATERA BARAT PASAMAN BARAT,SUMATERA_BARAT_PASAMAN_BARAT.txt
SUMATERA BARAT,13,R102,PADANG,1371,71,SUMATERA BARAT PADANG KOTA,SUMATERA_BARAT_PADANG_KOTA.txt
SUMATERA BARAT,13,R102,SOLOK,1372,72,SUMATERA BARAT SOLOK KOTA,SUMATERA_BARAT_SOLOK_KOTA.txt
SUMATERA BARAT,13,R102,SAWAHLUNTO,1373,73,SUMATERA BARAT SAWAHLUNTO KOTA,SUMATERA_BARAT_SAWAHLUNTO_KOTA.txt
SUMATERA BARAT,13,R102,PADANG PANJANG,1374,74,SUMATERA BARAT PADANG PANJANG KOTA,SUMATERA_BARAT_PADANG_PANJANG_KOTA.txt
SUMATERA BARAT,13,R102,BUKITTINGGI,1375,75,SUMATERA BARAT BUKITTINGGI KOTA,SUMATERA_BARAT_BUKITTINGGI_KOTA.txt
SUMATERA BARAT,13,R102,PAYAKUMBUH,1376,76,SUMATERA BARAT PAYAKUMBUH KOTA,SUMATERA_BARAT_PAYAKUMBUH_KOTA.txt
SUMATERA BARAT,13,R102,PARIAMAN,1377,77,SUMATERA BARAT PARIAMAN KOTA,SUMATERA_BARAT_PARIAMAN_KOTA.txt
RIAU,14,R102,KUANTAN SINGINGI,1401,1,RIAU KUANTAN SINGINGI,RIAU_KUANTAN_SINGINGI.txt
RIAU,14,R102,INDRAGIRI HULU,1402,2,RIAU INDRAGIRI HULU,RIAU_INDRAGIRI_HULU.txt
RIAU,14,R102,INDRAGIRI HILIR,1403,3,RIAU INDRAGIRI HILIR,RIAU_INDRAGIRI_HILIR.txt
RIAU,14,R102,PELALAWAN,1404,4,RIAU PELALAWAN,RIAU_PELALAWAN.txt
RIAU,14,R102,SIAK,1405,5,RIAU SIAK,RIAU_SIAK.txt
RIAU,14,R102,KAMPAR,1406,6,RIAU KAMPAR,RIAU_KAMPAR.txt
RIAU,14,R102,ROKAN HULU,1407,7,RIAU ROKAN HULU,RIAU_ROKAN_HULU.txt
RIAU,14,R102,BENGKALIS,1408,8,RIAU BENGKALIS,RIAU_BENGKALIS.txt
RIAU,14,R102,ROKAN HILIR,1409,9,RIAU ROKAN HILIR,RIAU_ROKAN_HILIR.txt
RIAU,14,R102,KEPULAUAN MERANTI,1410,10,RIAU KEPULAUAN MERANTI,RIAU_KEPULAUAN_MERANTI.txt
RIAU,14,R102,PEKANBARU,1471,71,RIAU PEKANBARU KOTA,RIAU_PEKANBARU_KOTA.txt
RIAU,14,R102,DUMAI,1473,73,RIAU DUMAI KOTA,RIAU_DUMAI_KOTA.txt
JAMBI,15,R102,KERINCI,1501,1,JAMBI KERINCI,JAMBI_KERINCI.txt
JAMBI,15,R102,MERANGIN,1502,2,JAMBI MERANGIN,JAMBI_MERANGIN.txt
JAMBI,15,R102,SAROLANGUN,1503,3,JAMBI SAROLANGUN,JAMBI_SAROLANGUN.txt
JAMBI,15,R102,BATANG HARI,1504,4,JAMBI BATANG HARI,JAMBI_BATANG_HARI.txt
JAMBI,15,R102,MUARO JAMBI,1505,5,JAMBI MUARO JAMBI,JAMBI_MUARO_JAMBI.txt
JAMBI,15,R102,TANJUNG JABUNG TIMUR,1506,6,JAMBI TANJUNG JABUNG TIMUR,JAMBI_TANJUNG_JABUNG_TIMUR.txt
JAMBI,15,R102,TANJUNG JABUNG BARAT,1507,7,JAMBI TANJUNG JABUNG BARAT,JAMBI_TANJUNG_JABUNG_BARAT.txt
JAMBI,15,R102,TEBO,1508,8,JAMBI TEBO,JAMBI_TEBO.txt
JAMBI,15,R102,BUNGO,1509,9,JAMBI BUNGO,JAMBI_BUNGO.txt
JAMBI,15,R102,JAMBI,1571,71,JAMBI JAMBI KOTA,JAMBI_JAMBI_KOTA.txt
JAMBI,15,R102,SUNGAI PENUH,1572,72,JAMBI SUNGAI PENUH KOTA,JAMBI_SUNGAI_PENUH_KOTA.txt
SUMATERA SELATAN,16,R102,OGAN KOMERING ULU,1601,1,SUMATERA SELATAN OGAN KOMERING ULU,SUMATERA_SELATAN_OGAN_KOMERING_ULU.txt
SUMATERA SELATAN,16,R102,OGAN KOMERING ILIR,1602,2,SUMATERA SELATAN OGAN KOMERING ILIR,SUMATERA_SELATAN_OGAN_KOMERING_ILIR.txt
SUMATERA SELATAN,16,R102,MUARA ENIM,1603,3,SUMATERA SELATAN MUARA ENIM,SUMATERA_SELATAN_MUARA_ENIM.txt
SUMATERA SELATAN,16,R102,LAHAT,1604,4,SUMATERA SELATAN LAHAT,SUMATERA_SELATAN_LAHAT.txt
SUMATERA SELATAN,16,R102,MUSI RAWAS,1605,5,SUMATERA SELATAN MUSI RAWAS,SUMATERA_SELATAN_MUSI_RAWAS.txt
SUMATERA SELATAN,16,R102,MUSI BANYUASIN,1606,6,SUMATERA SELATAN MUSI BANYUASIN,SUMATERA_SELATAN_MUSI_BANYUASIN.txt
SUMATERA SELATAN,16,R102,BANYU ASIN,1607,7,SUMATERA SELATAN BANYU ASIN,SUMATERA_SELATAN_BANYU_ASIN.txt
SUMATERA SELATAN,16,R102,OGAN KOMERING ULU SELATAN,1608,8,SUMATERA SELATAN OGAN KOMERING ULU SELATAN,SUMATERA_SELATAN_OGAN_KOMERING_ULU_SELATAN.txt
SUMATERA SELATAN,16,R102,OGAN KOMERING ULU TIMUR,1609,9,SUMATERA SELATAN OGAN KOMERING ULU TIMUR,SUMATERA_SELATAN_OGAN_KOMERING_ULU_TIMUR.txt
SUMATERA SELATAN,16,R102,OGAN ILIR,1610,10,SUMATERA SELATAN OGAN ILIR,SUMATERA_SELATAN_OGAN_ILIR.txt
SUMATERA SELATAN,16,R102,EMPAT LAWANG,1611,11,SUMATERA SELATAN EMPAT LAWANG,SUMATERA_SELATAN_EMPAT_LAWANG.txt
SUMATERA SELATAN,16,R102,PENUKAL ABAB LEMATANG ILIR,1612,12,SUMATERA SELATAN PENUKAL ABAB LEMATANG ILIR,SUMATERA_SELATAN_PENUKAL_ABAB_LEMATANG_ILIR.txt
SUMATERA SELATAN,16,R102,MUSI RAWAS UTARA,1613,13,SUMATERA SELATAN MUSI RAWAS UTARA,SUMATERA_SELATAN_MUSI_RAWAS_UTARA.txt
SUMATERA SELATAN,16,R102,PALEMBANG,1671,71,SUMATERA SELATAN PALEMBANG KOTA,SUMATERA_SELATAN_PALEMBANG_KOTA.txt
SUMATERA SELATAN,16,R102,PRABUMULIH,1672,72,SUMATERA SELATAN PRABUMULIH KOTA,SUMATERA_SELATAN_PRABUMULIH_KOTA.txt
SUMATERA SELATAN,16,R102,PAGAR ALAM,1673,73,SUMATERA SELATAN PAGAR ALAM KOTA,SUMATERA_SELATAN_PAGAR_ALAM_KOTA.txt
SUMATERA SELATAN,16,R102,LUBUKLINGGAU,1674,74,SUMATERA SELATAN LUBUKLINGGAU KOTA,SUMATERA_SELATAN_LUBUKLINGGAU_KOTA.txt
BENGKULU,17,R102,BENGKULU SELATAN,1701,1,BENGKULU BENGKULU SELATAN,BENGKULU_BENGKULU_SELATAN.txt
BENGKULU,17,R102,REJANG LEBONG,1702,2,BENGKULU REJANG LEBONG,BENGKULU_REJANG_LEBONG.txt
BENGKULU,17,R102,BENGKULU UTARA,1703,3,BENGKULU BENGKULU UTARA,BENGKULU_BENGKULU_UTARA.txt
BENGKULU,17,R102,KAUR,1704,4,BENGKULU KAUR,BENGKULU_KAUR.txt
BENGKULU,17,R102,SELUMA,1705,5,BENGKULU SELUMA,BENGKULU_SELUMA.txt
BENGKULU,17,R102,MUKOMUKO,1706,6,BENGKULU MUKOMUKO,BENGKULU_MUKOMUKO.txt
BENGKULU,17,R102,LEBONG,1707,7,BENGKULU LEBONG,BENGKULU_LEBONG.txt
BENGKULU,17,R102,KEPAHIANG,1708,8,BENGKULU KEPAHIANG,BENGKULU_KEPAHIANG.txt
BENGKULU,17,R102,BENGKULU TENGAH,1709,9,BENGKULU BENGKULU TENGAH,BENGKULU_BENGKULU_TENGAH.txt
BENGKULU,17,R102,BENGKULU,1771,71,BENGKULU BENGKULU KOTA,BENGKULU_BENGKULU_KOTA.txt
LAMPUNG,18,R102,LAMPUNG BARAT,1801,1,LAMPUNG LAMPUNG BARAT,LAMPUNG_LAMPUNG_BARAT.txt
LAMPUNG,18,R102,TANGGAMUS,1802,2,LAMPUNG TANGGAMUS,LAMPUNG_TANGGAMUS.txt
LAMPUNG,18,R102,LAMPUNG SELATAN,1803,3,LAMPUNG LAMPUNG SELATAN,LAMPUNG_LAMPUNG_SELATAN.txt
LAMPUNG,18,R102,LAMPUNG TIMUR,1804,4,LAMPUNG LAMPUNG TIMUR,LAMPUNG_LAMPUNG_TIMUR.txt
LAMPUNG,18,R102,LAMPUNG TENGAH,1805,5,LAMPUNG LAMPUNG TENGAH,LAMPUNG_LAMPUNG_TENGAH.txt
LAMPUNG,18,R102,LAMPUNG UTARA,1806,6,LAMPUNG LAMPUNG UTARA,LAMPUNG_LAMPUNG_UTARA.txt
LAMPUNG,18,R102,WAY KANAN,1807,7,LAMPUNG WAY KANAN,LAMPUNG_WAY_KANAN.txt
LAMPUNG,18,R102,TULANGBAWANG,1808,8,LAMPUNG TULANGBAWANG,LAMPUNG_TULANGBAWANG.txt
LAMPUNG,18,R102,PESAWARAN,1809,9,LAMPUNG PESAWARAN,LAMPUNG_PESAWARAN.txt
LAMPUNG,18,R102,PRINGSEWU,1810,10,LAMPUNG PRINGSEWU,LAMPUNG_PRINGSEWU.txt
LAMPUNG,18,R102,MESUJI,1811,11,LAMPUNG MESUJI,LAMPUNG_MESUJI.txt
LAMPUNG,18,R102,TULANG BAWANG BARAT,1812,12,LAMPUNG TULANG BAWANG BARAT,LAMPUNG_TULANG_BAWANG_BARAT.txt
LAMPUNG,18,R102,PESISIR BARAT,1813,13,LAMPUNG PESISIR BARAT,LAMPUNG_PESISIR_BARAT.txt
LAMPUNG,18,R102,BANDAR LAMPUNG,1871,71,LAMPUNG BANDAR LAMPUNG KOTA,LAMPUNG_BANDAR_LAMPUNG_KOTA.txt
LAMPUNG,18,R102,METRO,1872,72,LAMPUNG METRO KOTA,LAMPUNG_METRO_KOTA.txt
KEPULAUAN BANGKA BELITUNG,19,R102,BANGKA,1901,1,KEPULAUAN BANGKA BELITUNG BANGKA,KEPULAUAN_BANGKA_BELITUNG_BANGKA.txt
KEPULAUAN BANGKA BELITUNG,19,R102,BELITUNG,1902,2,KEPULAUAN BANGKA BELITUNG BELITUNG,KEPULAUAN_BANGKA_BELITUNG_BELITUNG.txt
KEPULAUAN BANGKA BELITUNG,19,R102,BANGKA BARAT,1903,3,KEPULAUAN BANGKA BELITUNG BANGKA BARAT,KEPULAUAN_BANGKA_BELITUNG_BANGKA_BARAT.txt
KEPULAUAN BANGKA BELITUNG,19,R102,BANGKA TENGAH,1904,4,KEPULAUAN BANGKA BELITUNG BANGKA TENGAH,KEPULAUAN_BANGKA_BELITUNG_BANGKA_TENGAH.txt
KEPULAUAN BANGKA BELITUNG,19,R102,BANGKA SELATAN,1905,5,KEPULAUAN BANGKA BELITUNG BANGKA SELATAN,KEPULAUAN_BANGKA_BELITUNG_BANGKA_SELATAN.txt
KEPULAUAN BANGKA BELITUNG,19,R102,BELITUNG TIMUR,1906,6,KEPULAUAN BANGKA BELITUNG BELITUNG TIMUR,KEPULAUAN_BANGKA_BELITUNG_BELITUNG_TIMUR.txt
KEPULAUAN BANGKA BELITUNG,19,R102,PANGKALPINANG,1971,71,KEPULAUAN BANGKA BELITUNG PANGKALPINANG KOTA,KEPULAUAN_BANGKA_BELITUNG_PANGKALPINANG_KOTA.txt
KEPULAUAN RIAU,21,R102,KARIMUN,2101,1,KEPULAUAN RIAU KARIMUN,KEPULAUAN_RIAU_KARIMUN.txt
KEPULAUAN RIAU,21,R102,BINTAN,2102,2,KEPULAUAN RIAU BINTAN,KEPULAUAN_RIAU_BINTAN.txt
KEPULAUAN RIAU,21,R102,NATUNA,2103,3,KEPULAUAN RIAU NATUNA,KEPULAUAN_RIAU_NATUNA.txt
KEPULAUAN RIAU,21,R102,LINGGA,2104,4,KEPULAUAN RIAU LINGGA,KEPULAUAN_RIAU_LINGGA.txt
KEPULAUAN RIAU,21,R102,KEPULAUAN ANAMBAS,2105,5,KEPULAUAN RIAU KEPULAUAN ANAMBAS,KEPULAUAN_RIAU_KEPULAUAN_ANAMBAS.txt
KEPULAUAN RIAU,21,R102,BATAM,2171,71,KEPULAUAN RIAU BATAM KOTA,KEPULAUAN_RIAU_BATAM_KOTA.txt
KEPULAUAN RIAU,21,R102,TANJUNG PINANG,2172,72,KEPULAUAN RIAU TANJUNG PINANG KOTA,KEPULAUAN_RIAU_TANJUNG_PINANG_KOTA.txt
DKI JAKARTA,31,R102,KEPULAUAN SERIBU,3101,1,DKI JAKARTA KEPULAUAN SERIBU,DKI_JAKARTA_KEPULAUAN_SERIBU.txt
DKI JAKARTA,31,R102,JAKARTA SELATAN,3171,71,DKI JAKARTA JAKARTA SELATAN KOTA,DKI_JAKARTA_JAKARTA_SELATAN_KOTA.txt
DKI JAKARTA,31,R102,JAKARTA TIMUR,3172,72,DKI JAKARTA JAKARTA TIMUR KOTA,DKI_JAKARTA_JAKARTA_TIMUR_KOTA.txt
DKI JAKARTA,31,R102,JAKARTA PUSAT,3173,73,DKI JAKARTA JAKARTA PUSAT KOTA,DKI_JAKARTA_JAKARTA_PUSAT_KOTA.txt
DKI JAKARTA,31,R102,JAKARTA BARAT,3174,74,DKI JAKARTA JAKARTA BARAT KOTA,DKI_JAKARTA_JAKARTA_BARAT_KOTA.txt
DKI JAKARTA,31,R102,JAKARTA UTARA,3175,75,DKI JAKARTA JAKARTA UTARA KOTA,DKI_JAKARTA_JAKARTA_UTARA_KOTA.txt
JAWA BARAT,32,R102,BOGOR,3201,1,JAWA BARAT BOGOR,JAWA_BARAT_BOGOR.txt
JAWA BARAT,32,R102,SUKABUMI,3202,2,JAWA BARAT SUKABUMI,JAWA_BARAT_SUKABUMI.txt
JAWA BARAT,32,R102,CIANJUR,3203,3,JAWA BARAT CIANJUR,JAWA_BARAT_CIANJUR.txt
JAWA BARAT,32,R102,BANDUNG,3204,4,JAWA BARAT BANDUNG,JAWA_BARAT_BANDUNG.txt
JAWA BARAT,32,R102,GARUT,3205,5,JAWA BARAT GARUT,JAWA_BARAT_GARUT.txt
JAWA BARAT,32,R102,TASIKMALAYA,3206,6,JAWA BARAT TASIKMALAYA,JAWA_BARAT_TASIKMALAYA.txt
JAWA BARAT,32,R102,CIAMIS,3207,7,JAWA BARAT CIAMIS,JAWA_BARAT_CIAMIS.txt
JAWA BARAT,32,R102,KUNINGAN,3208,8,JAWA BARAT KUNINGAN,JAWA_BARAT_KUNINGAN.txt
JAWA BARAT,32,R102,CIREBON,3209,9,JAWA BARAT CIREBON,JAWA_BARAT_CIREBON.txt
JAWA BARAT,32,R102,MAJALENGKA,3210,10,JAWA BARAT MAJALENGKA,JAWA_BARAT_MAJALENGKA.txt
JAWA BARAT,32,R102,SUMEDANG,3211,11,JAWA BARAT SUMEDANG,JAWA_BARAT_SUMEDANG.txt
JAWA BARAT,32,R102,INDRAMAYU,3212,12,JAWA BARAT INDRAMAYU,JAWA_BARAT_INDRAMAYU.txt
JAWA BARAT,32,R102,SUBANG,3213,13,JAWA BARAT SUBANG,JAWA_BARAT_SUBANG.txt
JAWA BARAT,32,R102,PURWAKARTA,3214,14,JAWA BARAT PURWAKARTA,JAWA_BARAT_PURWAKARTA.txt
JAWA BARAT,32,R102,KARAWANG,3215,15,JAWA BARAT KARAWANG,JAWA_BARAT_KARAWANG.txt
JAWA BARAT,32,R102,BEKASI,3216,16,JAWA BARAT BEKASI,JAWA_BARAT_BEKASI.txt
JAWA BARAT,32,R102,BANDUNG BARAT,3217,17,JAWA BARAT BANDUNG BARAT,JAWA_BARAT_BANDUNG_BARAT.txt
JAWA BARAT,32,R102,PANGANDARAN,3218,18,JAWA BARAT PANGANDARAN,JAWA_BARAT_PANGANDARAN.txt
JAWA BARAT,32,R102,BOGOR,3271,71,JAWA BARAT BOGOR KOTA,JAWA_BARAT_BOGOR_KOTA.txt
JAWA BARAT,32,R102,SUKABUMI,3272,72,JAWA BARAT SUKABUMI KOTA,JAWA_BARAT_SUKABUMI_KOTA.txt
JAWA BARAT,32,R102,BANDUNG,3273,73,JAWA BARAT BANDUNG KOTA,JAWA_BARAT_BANDUNG_KOTA.txt
JAWA BARAT,32,R102,CIREBON,3274,74,JAWA BARAT CIREBON KOTA,JAWA_BARAT_CIREBON_KOTA.txt
JAWA BARAT,32,R102,BEKASI,3275,75,JAWA BARAT BEKASI KOTA,JAWA_BARAT_BEKASI_KOTA.txt
JAWA BARAT,32,R102,DEPOK,3276,76,JAWA BARAT DEPOK KOTA,JAWA_BARAT_DEPOK_KOTA.txt
JAWA BARAT,32,R102,CIMAHI,3277,77,JAWA BARAT CIMAHI KOTA,JAWA_BARAT_CIMAHI_KOTA.txt
JAWA BARAT,32,R102,TASIKMALAYA,3278,78,JAWA BARAT TASIKMALAYA KOTA,JAWA_BARAT_TASIKMALAYA_KOTA.txt
JAWA BARAT,32,R102,BANJAR,3279,79,JAWA BARAT BANJAR KOTA,JAWA_BARAT_BANJAR_KOTA.txt
JAWA TENGAH,33,R102,CILACAP,3301,1,JAWA TENGAH CILACAP,JAWA_TENGAH_CILACAP.txt
JAWA TENGAH,33,R102,BANYUMAS,3302,2,JAWA TENGAH BANYUMAS,JAWA_TENGAH_BANYUMAS.txt
JAWA TENGAH,33,R102,PURBALINGGA,3303,3,JAWA TENGAH PURBALINGGA,JAWA_TENGAH_PURBALINGGA.txt
JAWA TENGAH,33,R102,BANJARNEGARA,3304,4,JAWA TENGAH BANJARNEGARA,JAWA_TENGAH_BANJARNEGARA.txt
JAWA TENGAH,33,R102,KEBUMEN,3305,5,JAWA TENGAH KEBUMEN,JAWA_TENGAH_KEBUMEN.txt
JAWA TENGAH,33,R102,PURWOREJO,3306,6,JAWA TENGAH PURWOREJO,JAWA_TENGAH_PURWOREJO.txt
JAWA TENGAH,33,R102,WONOSOBO,3307,7,JAWA TENGAH WONOSOBO,JAWA_TENGAH_WONOSOBO.txt
JAWA TENGAH,33,R102,MAGELANG,3308,8,JAWA TENGAH MAGELANG,JAWA_TENGAH_MAGELANG.txt
JAWA TENGAH,33,R102,BOYOLALI,3309,9,JAWA TENGAH BOYOLALI,JAWA_TENGAH_BOYOLALI.txt
JAWA TENGAH,33,R102,KLATEN,3310,10,JAWA TENGAH KLATEN,JAWA_TENGAH_KLATEN.txt
JAWA TENGAH,33,R102,SUKOHARJO,3311,11,JAWA TENGAH SUKOHARJO,JAWA_TENGAH_SUKOHARJO.txt
JAWA TENGAH,33,R102,WONOGIRI,3312,12,JAWA TENGAH WONOGIRI,JAWA_TENGAH_WONOGIRI.txt
JAWA TENGAH,33,R102,KARANGANYAR,3313,13,JAWA TENGAH KARANGANYAR,JAWA_TENGAH_KARANGANYAR.txt
JAWA TENGAH,33,R102,SRAGEN,3314,14,JAWA TENGAH SRAGEN,JAWA_TENGAH_SRAGEN.txt
JAWA TENGAH,33,R102,GROBOGAN,3315,15,JAWA TENGAH GROBOGAN,JAWA_TENGAH_GROBOGAN.txt
JAWA TENGAH,33,R102,BLORA,3316,16,JAWA TENGAH BLORA,JAWA_TENGAH_BLORA.txt
JAWA TENGAH,33,R102,REMBANG,3317,17,JAWA TENGAH REMBANG,JAWA_TENGAH_REMBANG.txt
JAWA TENGAH,33,R102,PATI,3318,18,JAWA TENGAH PATI,JAWA_TENGAH_PATI.txt
JAWA TENGAH,33,R102,KUDUS,3319,19,JAWA TENGAH KUDUS,JAWA_TENGAH_KUDUS.txt
JAWA TENGAH,33,R102,JEPARA,3320,20,JAWA TENGAH JEPARA,JAWA_TENGAH_JEPARA.txt
JAWA TENGAH,33,R102,DEMAK,3321,21,JAWA TENGAH DEMAK,JAWA_TENGAH_DEMAK.txt
JAWA TENGAH,33,R102,SEMARANG,3322,22,JAWA TENGAH SEMARANG,JAWA_TENGAH_SEMARANG.txt
JAWA TENGAH,33,R102,TEMANGGUNG,3323,23,JAWA TENGAH TEMANGGUNG,JAWA_TENGAH_TEMANGGUNG.txt
JAWA TENGAH,33,R102,KENDAL,3324,24,JAWA TENGAH KENDAL,JAWA_TENGAH_KENDAL.txt
JAWA TENGAH,33,R102,BATANG,3325,25,JAWA TENGAH BATANG,JAWA_TENGAH_BATANG.txt
JAWA TENGAH,33,R102,PEKALONGAN,3326,26,JAWA TENGAH PEKALONGAN,JAWA_TENGAH_PEKALONGAN.txt
JAWA TENGAH,33,R102,PEMALANG,3327,27,JAWA TENGAH PEMALANG,JAWA_TENGAH_PEMALANG.txt
JAWA TENGAH,33,R102,TEGAL,3328,28,JAWA TENGAH TEGAL,JAWA_TENGAH_TEGAL.txt
JAWA TENGAH,33,R102,BREBES,3329,29,JAWA TENGAH BREBES,JAWA_TENGAH_BREBES.txt
JAWA TENGAH,33,R102,MAGELANG,3371,71,JAWA TENGAH MAGELANG KOTA,JAWA_TENGAH_MAGELANG_KOTA.txt
JAWA TENGAH,33,R102,SURAKARTA,3372,72,JAWA TENGAH SURAKARTA KOTA,JAWA_TENGAH_SURAKARTA_KOTA.txt
JAWA TENGAH,33,R102,SALATIGA,3373,73,JAWA TENGAH SALATIGA KOTA,JAWA_TENGAH_SALATIGA_KOTA.txt
JAWA TENGAH,33,R102,SEMARANG,3374,74,JAWA TENGAH SEMARANG KOTA,JAWA_TENGAH_SEMARANG_KOTA.txt
JAWA TENGAH,33,R102,PEKALONGAN,3375,75,JAWA TENGAH PEKALONGAN KOTA,JAWA_TENGAH_PEKALONGAN_KOTA.txt
JAWA TENGAH,33,R102,TEGAL,3376,76,JAWA TENGAH TEGAL KOTA,JAWA_TENGAH_TEGAL_KOTA.txt
DI YOGYAKARTA,34,R102,KULON PROGO,3401,1,DI YOGYAKARTA KULON PROGO,DI_YOGYAKARTA_KULON_PROGO.txt
DI YOGYAKARTA,34,R102,BANTUL,3402,2,DI YOGYAKARTA BANTUL,DI_YOGYAKARTA_BANTUL.txt
DI YOGYAKARTA,34,R102,GUNUNGKIDUL,3403,3,DI YOGYAKARTA GUNUNGKIDUL,DI_YOGYAKARTA_GUNUNGKIDUL.txt
DI YOGYAKARTA,34,R102,SLEMAN,3404,4,DI YOGYAKARTA SLEMAN,DI_YOGYAKARTA_SLEMAN.txt
DI YOGYAKARTA,34,R102,YOGYAKARTA,3471,71,DI YOGYAKARTA YOGYAKARTA KOTA,DI_YOGYAKARTA_YOGYAKARTA_KOTA.txt
JAWA TIMUR,35,R102,PACITAN,3501,1,JAWA TIMUR PACITAN,JAWA_TIMUR_PACITAN.txt
JAWA TIMUR,35,R102,PONOROGO,3502,2,JAWA TIMUR PONOROGO,JAWA_TIMUR_PONOROGO.txt
JAWA TIMUR,35,R102,TRENGGALEK,3503,3,JAWA TIMUR TRENGGALEK,JAWA_TIMUR_TRENGGALEK.txt
JAWA TIMUR,35,R102,TULUNGAGUNG,3504,4,JAWA TIMUR TULUNGAGUNG,JAWA_TIMUR_TULUNGAGUNG.txt
JAWA TIMUR,35,R102,BLITAR,3505,5,JAWA TIMUR BLITAR,JAWA_TIMUR_BLITAR.txt
JAWA TIMUR,35,R102,KEDIRI,3506,6,JAWA TIMUR KEDIRI,JAWA_TIMUR_KEDIRI.txt
JAWA TIMUR,35,R102,MALANG,3507,7,JAWA TIMUR MALANG,JAWA_TIMUR_MALANG.txt
JAWA TIMUR,35,R102,LUMAJANG,3508,8,JAWA TIMUR LUMAJANG,JAWA_TIMUR_LUMAJANG.txt
JAWA TIMUR,35,R102,JEMBER,3509,9,JAWA TIMUR JEMBER,JAWA_TIMUR_JEMBER.txt
JAWA TIMUR,35,R102,BANYUWANGI,3510,10,JAWA TIMUR BANYUWANGI,JAWA_TIMUR_BANYUWANGI.txt
JAWA TIMUR,35,R102,BONDOWOSO,3511,11,JAWA TIMUR BONDOWOSO,JAWA_TIMUR_BONDOWOSO.txt
JAWA TIMUR,35,R102,SITUBONDO,3512,12,JAWA TIMUR SITUBONDO,JAWA_TIMUR_SITUBONDO.txt
JAWA TIMUR,35,R102,PROBOLINGGO,3513,13,JAWA TIMUR PROBOLINGGO,JAWA_TIMUR_PROBOLINGGO.txt
JAWA TIMUR,35,R102,PASURUAN,3514,14,JAWA TIMUR PASURUAN,JAWA_TIMUR_PASURUAN.txt
JAWA TIMUR,35,R102,SIDOARJO,3515,15,JAWA TIMUR SIDOARJO,JAWA_TIMUR_SIDOARJO.txt
JAWA TIMUR,35,R102,MOJOKERTO,3516,16,JAWA TIMUR MOJOKERTO,JAWA_TIMUR_MOJOKERTO.txt
JAWA TIMUR,35,R102,JOMBANG,3517,17,JAWA TIMUR JOMBANG,JAWA_TIMUR_JOMBANG.txt
JAWA TIMUR,35,R102,NGANJUK,3518,18,JAWA TIMUR NGANJUK,JAWA_TIMUR_NGANJUK.txt
JAWA TIMUR,35,R102,MADIUN,3519,19,JAWA TIMUR MADIUN,JAWA_TIMUR_MADIUN.txt
JAWA TIMUR,35,R102,MAGETAN,3520,20,JAWA TIMUR MAGETAN,JAWA_TIMUR_MAGETAN.txt
JAWA TIMUR,35,R102,NGAWI,3521,21,JAWA TIMUR NGAWI,JAWA_TIMUR_NGAWI.txt
JAWA TIMUR,35,R102,BOJONEGORO,3522,22,JAWA TIMUR BOJONEGORO,JAWA_TIMUR_BOJONEGORO.txt
JAWA TIMUR,35,R102,TUBAN,3523,23,JAWA TIMUR TUBAN,JAWA_TIMUR_TUBAN.txt
JAWA TIMUR,35,R102,LAMONGAN,3524,24,JAWA TIMUR LAMONGAN,JAWA_TIMUR_LAMONGAN.txt
JAWA TIMUR,35,R102,GRESIK,3525,25,JAWA TIMUR GRESIK,JAWA_TIMUR_GRESIK.txt
JAWA TIMUR,35,R102,BANGKALAN,3526,26,JAWA TIMUR BANGKALAN,JAWA_TIMUR_BANGKALAN.txt
JAWA TIMUR,35,R102,SAMPANG,3527,27,JAWA TIMUR SAMPANG,JAWA_TIMUR_SAMPANG.txt
JAWA TIMUR,35,R102,PAMEKASAN,3528,28,JAWA TIMUR PAMEKASAN,JAWA_TIMUR_PAMEKASAN.txt
JAWA TIMUR,35,R102,SUMENEP,3529,29,JAWA TIMUR SUMENEP,JAWA_TIMUR_SUMENEP.txt
JAWA TIMUR,35,R102,KEDIRI,3571,71,JAWA TIMUR KEDIRI KOTA,JAWA_TIMUR_KEDIRI_KOTA.txt
JAWA TIMUR,35,R102,BLITAR,3572,72,JAWA TIMUR BLITAR KOTA,JAWA_TIMUR_BLITAR_KOTA.txt
JAWA TIMUR,35,R102,MALANG,3573,73,JAWA TIMUR MALANG KOTA,JAWA_TIMUR_MALANG_KOTA.txt
JAWA TIMUR,35,R102,PROBOLINGGO,3574,74,JAWA TIMUR PROBOLINGGO KOTA,JAWA_TIMUR_PROBOLINGGO_KOTA.txt
JAWA TIMUR,35,R102,PASURUAN,3575,75,JAWA TIMUR PASURUAN KOTA,JAWA_TIMUR_PASURUAN_KOTA.txt
JAWA TIMUR,35,R102,MOJOKERTO,3576,76,JAWA TIMUR MOJOKERTO KOTA,JAWA_TIMUR_MOJOKERTO_KOTA.txt
JAWA TIMUR,35,R102,MADIUN,3577,77,JAWA TIMUR MADIUN KOTA,JAWA_TIMUR_MADIUN_KOTA.txt
JAWA TIMUR,35,R102,SURABAYA,3578,78,JAWA TIMUR SURABAYA KOTA,JAWA_TIMUR_SURABAYA_KOTA.txt
JAWA TIMUR,35,R102,BATU,3579,79,JAWA TIMUR BATU KOTA,JAWA_TIMUR_BATU_KOTA.txt
BANTEN,36,R102,PANDEGLANG,3601,1,BANTEN PANDEGLANG,BANTEN_PANDEGLANG.txt
BANTEN,36,R102,LEBAK,3602,2,BANTEN LEBAK,BANTEN_LEBAK.txt
BANTEN,36,R102,TANGERANG,3603,3,BANTEN TANGERANG,BANTEN_TANGERANG.txt
BANTEN,36,R102,SERANG,3604,4,BANTEN SERANG,BANTEN_SERANG.txt
BANTEN,36,R102,TANGERANG,3671,71,BANTEN TANGERANG KOTA,BANTEN_TANGERANG_KOTA.txt
BANTEN,36,R102,CILEGON,3672,72,BANTEN CILEGON KOTA,BANTEN_CILEGON_KOTA.txt
BANTEN,36,R102,SERANG,3673,73,BANTEN SERANG KOTA,BANTEN_SERANG_KOTA.txt
BANTEN,36,R102,TANGERANG SELATAN,3674,74,BANTEN TANGERANG SELATAN KOTA,BANTEN_TANGERANG_SELATAN_KOTA.txt
BALI,51,R102,JEMBRANA,5101,1,BALI JEMBRANA,BALI_JEMBRANA.txt
BALI,51,R102,TABANAN,5102,2,BALI TABANAN,BALI_TABANAN.txt
BALI,51,R102,BADUNG,5103,3,BALI BADUNG,BALI_BADUNG.txt
BALI,51,R102,GIANYAR,5104,4,BALI GIANYAR,BALI_GIANYAR.txt
BALI,51,R102,KLUNGKUNG,5105,5,BALI KLUNGKUNG,BALI_KLUNGKUNG.txt
BALI,51,R102,BANGLI,5106,6,BALI BANGLI,BALI_BANGLI.txt
BALI,51,R102,KARANGASEM,5107,7,BALI KARANGASEM,BALI_KARANGASEM.txt
BALI,51,R102,BULELENG,5108,8,BALI BULELENG,BALI_BULELENG.txt
BALI,51,R102,DENPASAR,5171,71,BALI DENPASAR KOTA,BALI_DENPASAR_KOTA.txt
NUSA TENGGARA BARAT,52,R102,LOMBOK BARAT,5201,1,NUSA TENGGARA BARAT LOMBOK BARAT,NUSA_TENGGARA_BARAT_LOMBOK_BARAT.txt
NUSA TENGGARA BARAT,52,R102,LOMBOK TENGAH,5202,2,NUSA TENGGARA BARAT LOMBOK TENGAH,NUSA_TENGGARA_BARAT_LOMBOK_TENGAH.txt
NUSA TENGGARA BARAT,52,R102,LOMBOK TIMUR,5203,3,NUSA TENGGARA BARAT LOMBOK TIMUR,NUSA_TENGGARA_BARAT_LOMBOK_TIMUR.txt
NUSA TENGGARA BARAT,52,R102,SUMBAWA,5204,4,NUSA TENGGARA BARAT SUMBAWA,NUSA_TENGGARA_BARAT_SUMBAWA.txt
NUSA TENGGARA BARAT,52,R102,DOMPU,5205,5,NUSA TENGGARA BARAT DOMPU,NUSA_TENGGARA_BARAT_DOMPU.txt
NUSA TENGGARA BARAT,52,R102,BIMA,5206,6,NUSA TENGGARA BARAT BIMA,NUSA_TENGGARA_BARAT_BIMA.txt
NUSA TENGGARA BARAT,52,R102,SUMBAWA BARAT,5207,7,NUSA TENGGARA BARAT SUMBAWA BARAT,NUSA_TENGGARA_BARAT_SUMBAWA_BARAT.txt
NUSA TENGGARA BARAT,52,R102,LOMBOK UTARA,5208,8,NUSA TENGGARA BARAT LOMBOK UTARA,NUSA_TENGGARA_BARAT_LOMBOK_UTARA.txt
NUSA TENGGARA BARAT,52,R102,MATARAM,5271,71,NUSA TENGGARA BARAT MATARAM KOTA,NUSA_TENGGARA_BARAT_MATARAM_KOTA.txt
NUSA TENGGARA BARAT,52,R102,BIMA,5272,72,NUSA TENGGARA BARAT BIMA KOTA,NUSA_TENGGARA_BARAT_BIMA_KOTA.txt
NUSA TENGGARA TIMUR,53,R102,SUMBA BARAT,5301,1,NUSA TENGGARA TIMUR SUMBA BARAT,NUSA_TENGGARA_TIMUR_SUMBA_BARAT.txt
NUSA TENGGARA TIMUR,53,R102,SUMBA TIMUR,5302,2,NUSA TENGGARA TIMUR SUMBA TIMUR,NUSA_TENGGARA_TIMUR_SUMBA_TIMUR.txt
NUSA TENGGARA TIMUR,53,R102,KUPANG,5303,3,NUSA TENGGARA TIMUR KUPANG,NUSA_TENGGARA_TIMUR_KUPANG.txt
NUSA TENGGARA TIMUR,53,R102,TIMOR TENGAH SELATAN,5304,4,NUSA TENGGARA TIMUR TIMOR TENGAH SELATAN,NUSA_TENGGARA_TIMUR_TIMOR_TENGAH_SELATAN.txt
NUSA TENGGARA TIMUR,53,R102,TIMOR TENGAH UTARA,5305,5,NUSA TENGGARA TIMUR TIMOR TENGAH UTARA,NUSA_TENGGARA_TIMUR_TIMOR_TENGAH_UTARA.txt
NUSA TENGGARA TIMUR,53,R102,BELU,5306,6,NUSA TENGGARA TIMUR BELU,NUSA_TENGGARA_TIMUR_BELU.txt
NUSA TENGGARA TIMUR,53,R102,ALOR,5307,7,NUSA TENGGARA TIMUR ALOR,NUSA_TENGGARA_TIMUR_ALOR.txt
NUSA TENGGARA TIMUR,53,R102,LEMBATA,5308,8,NUSA TENGGARA TIMUR LEMBATA,NUSA_TENGGARA_TIMUR_LEMBATA.txt
NUSA TENGGARA TIMUR,53,R102,FLORES TIMUR,5309,9,NUSA TENGGARA TIMUR FLORES TIMUR,NUSA_TENGGARA_TIMUR_FLORES_TIMUR.txt
NUSA TENGGARA TIMUR,53,R102,SIKKA,5310,10,NUSA TENGGARA TIMUR SIKKA,NUSA_TENGGARA_TIMUR_SIKKA.txt
NUSA TENGGARA TIMUR,53,R102,ENDE,5311,11,NUSA TENGGARA TIMUR ENDE,NUSA_TENGGARA_TIMUR_ENDE.txt
NUSA TENGGARA TIMUR,53,R102,NGADA,5312,12,NUSA TENGGARA TIMUR NGADA,NUSA_TENGGARA_TIMUR_NGADA.txt
NUSA TENGGARA TIMUR,53,R102,MANGGARAI,5313,13,NUSA TENGGARA TIMUR MANGGARAI,NUSA_TENGGARA_TIMUR_MANGGARAI.txt
NUSA TENGGARA TIMUR,53,R102,ROTE NDAO,5314,14,NUSA TENGGARA TIMUR ROTE NDAO,NUSA_TENGGARA_TIMUR_ROTE_NDAO.txt
NUSA TENGGARA TIMUR,53,R102,MANGGARAI BARAT,5315,15,NUSA TENGGARA TIMUR MANGGARAI BARAT,NUSA_TENGGARA_TIMUR_MANGGARAI_BARAT.txt
NUSA TENGGARA TIMUR,53,R102,SUMBA TENGAH,5316,16,NUSA TENGGARA TIMUR SUMBA TENGAH,NUSA_TENGGARA_TIMUR_SUMBA_TENGAH.txt
NUSA TENGGARA TIMUR,53,R102,SUMBA BARAT DAYA,5317,17,NUSA TENGGARA TIMUR SUMBA BARAT DAYA,NUSA_TENGGARA_TIMUR_SUMBA_BARAT_DAYA.txt
NUSA TENGGARA TIMUR,53,R102,NAGEKEO,5318,18,NUSA TENGGARA TIMUR NAGEKEO,NUSA_TENGGARA_TIMUR_NAGEKEO.txt
NUSA TENGGARA TIMUR,53,R102,MANGGARAI TIMUR,5319,19,NUSA TENGGARA TIMUR MANGGARAI TIMUR,NUSA_TENGGARA_TIMUR_MANGGARAI_TIMUR.txt
NUSA TENGGARA TIMUR,53,R102,SABU RAIJUA,5320,20,NUSA TENGGARA TIMUR SABU RAIJUA,NUSA_TENGGARA_TIMUR_SABU_RAIJUA.txt
NUSA TENGGARA TIMUR,53,R102,MALAKA,5321,21,NUSA TENGGARA TIMUR MALAKA,NUSA_TENGGARA_TIMUR_MALAKA.txt
NUSA TENGGARA TIMUR,53,R102,KUPANG,5371,71,NUSA TENGGARA TIMUR KUPANG KOTA,NUSA_TENGGARA_TIMUR_KUPANG_KOTA.txt
KALIMANTAN BARAT,61,R102,SAMBAS,6101,1,KALIMANTAN BARAT SAMBAS,KALIMANTAN_BARAT_SAMBAS.txt
KALIMANTAN BARAT,61,R102,BENGKAYANG,6102,2,KALIMANTAN BARAT BENGKAYANG,KALIMANTAN_BARAT_BENGKAYANG.txt
KALIMANTAN BARAT,61,R102,LANDAK,6103,3,KALIMANTAN BARAT LANDAK,KALIMANTAN_BARAT_LANDAK.txt
KALIMANTAN BARAT,61,R102,MEMPAWAH,6104,4,KALIMANTAN BARAT MEMPAWAH,KALIMANTAN_BARAT_MEMPAWAH.txt
KALIMANTAN BARAT,61,R102,SANGGAU,6105,5,KALIMANTAN BARAT SANGGAU,KALIMANTAN_BARAT_SANGGAU.txt
KALIMANTAN BARAT,61,R102,KETAPANG,6106,6,KALIMANTAN BARAT KETAPANG,KALIMANTAN_BARAT_KETAPANG.txt
KALIMANTAN BARAT,61,R102,SINTANG,6107,7,KALIMANTAN BARAT SINTANG,KALIMANTAN_BARAT_SINTANG.txt
KALIMANTAN BARAT,61,R102,KAPUAS HULU,6108,8,KALIMANTAN BARAT KAPUAS HULU,KALIMANTAN_BARAT_KAPUAS_HULU.txt
KALIMANTAN BARAT,61,R102,SEKADAU,6109,9,KALIMANTAN BARAT SEKADAU,KALIMANTAN_BARAT_SEKADAU.txt
KALIMANTAN BARAT,61,R102,MELAWI,6110,10,KALIMANTAN BARAT MELAWI,KALIMANTAN_BARAT_MELAWI.txt
KALIMANTAN BARAT,61,R102,KAYONG UTARA,6111,11,KALIMANTAN BARAT KAYONG UTARA,KALIMANTAN_BARAT_KAYONG_UTARA.txt
KALIMANTAN BARAT,61,R102,KUBU RAYA,6112,12,KALIMANTAN BARAT KUBU RAYA,KALIMANTAN_BARAT_KUBU_RAYA.txt
KALIMANTAN BARAT,61,R102,PONTIANAK,6171,71,KALIMANTAN BARAT PONTIANAK KOTA,KALIMANTAN_BARAT_PONTIANAK_KOTA.txt
KALIMANTAN BARAT,61,R102,SINGKAWANG,6172,72,KALIMANTAN BARAT SINGKAWANG KOTA,KALIMANTAN_BARAT_SINGKAWANG_KOTA.txt
KALIMANTAN TENGAH,62,R102,KOTAWARINGIN BARAT,6201,1,KALIMANTAN TENGAH KOTAWARINGIN BARAT,KALIMANTAN_TENGAH_KOTAWARINGIN_BARAT.txt
KALIMANTAN TENGAH,62,R102,KOTAWARINGIN TIMUR,6202,2,KALIMANTAN TENGAH KOTAWARINGIN TIMUR,KALIMANTAN_TENGAH_KOTAWARINGIN_TIMUR.txt
KALIMANTAN TENGAH,62,R102,KAPUAS,6203,3,KALIMANTAN TENGAH KAPUAS,KALIMANTAN_TENGAH_KAPUAS.txt
KALIMANTAN TENGAH,62,R102,BARITO SELATAN,6204,4,KALIMANTAN TENGAH BARITO SELATAN,KALIMANTAN_TENGAH_BARITO_SELATAN.txt
KALIMANTAN TENGAH,62,R102,BARITO UTARA,6205,5,KALIMANTAN TENGAH BARITO UTARA,KALIMANTAN_TENGAH_BARITO_UTARA.txt
KALIMANTAN TENGAH,62,R102,SUKAMARA,6206,6,KALIMANTAN TENGAH SUKAMARA,KALIMANTAN_TENGAH_SUKAMARA.txt
KALIMANTAN TENGAH,62,R102,LAMANDAU,6207,7,KALIMANTAN TENGAH LAMANDAU,KALIMANTAN_TENGAH_LAMANDAU.txt
KALIMANTAN TENGAH,62,R102,SERUYAN,6208,8,KALIMANTAN TENGAH SERUYAN,KALIMANTAN_TENGAH_SERUYAN.txt
KALIMANTAN TENGAH,62,R102,KATINGAN,6209,9,KALIMANTAN TENGAH KATINGAN,KALIMANTAN_TENGAH_KATINGAN.txt
KALIMANTAN TENGAH,62,R102,PULANG PISAU,6210,10,KALIMANTAN TENGAH PULANG PISAU,KALIMANTAN_TENGAH_PULANG_PISAU.txt
KALIMANTAN TENGAH,62,R102,GUNUNG MAS,6211,11,KALIMANTAN TENGAH GUNUNG MAS,KALIMANTAN_TENGAH_GUNUNG_MAS.txt
KALIMANTAN TENGAH,62,R102,BARITO TIMUR,6212,12,KALIMANTAN TENGAH BARITO TIMUR,KALIMANTAN_TENGAH_BARITO_TIMUR.txt
KALIMANTAN TENGAH,62,R102,MURUNG RAYA,6213,13,KALIMANTAN TENGAH MURUNG RAYA,KALIMANTAN_TENGAH_MURUNG_RAYA.txt
KALIMANTAN TENGAH,62,R102,PALANGKA RAYA,6271,71,KALIMANTAN TENGAH PALANGKA RAYA KOTA,KALIMANTAN_TENGAH_PALANGKA_RAYA_KOTA.txt
KALIMANTAN SELATAN,63,R102,TANAH LAUT,6301,1,KALIMANTAN SELATAN TANAH LAUT,KALIMANTAN_SELATAN_TANAH_LAUT.txt
KALIMANTAN SELATAN,63,R102,KOTABARU,6302,2,KALIMANTAN SELATAN KOTABARU,KALIMANTAN_SELATAN_KOTABARU.txt
KALIMANTAN SELATAN,63,R102,BANJAR,6303,3,KALIMANTAN SELATAN BANJAR,KALIMANTAN_SELATAN_BANJAR.txt
KALIMANTAN SELATAN,63,R102,BARITO KUALA,6304,4,KALIMANTAN SELATAN BARITO KUALA,KALIMANTAN_SELATAN_BARITO_KUALA.txt
KALIMANTAN SELATAN,63,R102,TAPIN,6305,5,KALIMANTAN SELATAN TAPIN,KALIMANTAN_SELATAN_TAPIN.txt
KALIMANTAN SELATAN,63,R102,HULU SUNGAI SELATAN,6306,6,KALIMANTAN SELATAN HULU SUNGAI SELATAN,KALIMANTAN_SELATAN_HULU_SUNGAI_SELATAN.txt
KALIMANTAN SELATAN,63,R102,HULU SUNGAI TENGAH,6307,7,KALIMANTAN SELATAN HULU SUNGAI TENGAH,KALIMANTAN_SELATAN_HULU_SUNGAI_TENGAH.txt
KALIMANTAN SELATAN,63,R102,HULU SUNGAI UTARA,6308,8,KALIMANTAN SELATAN HULU SUNGAI UTARA,KALIMANTAN_SELATAN_HULU_SUNGAI_UTARA.txt
KALIMANTAN SELATAN,63,R102,TABALONG,6309,9,KALIMANTAN SELATAN TABALONG,KALIMANTAN_SELATAN_TABALONG.txt
KALIMANTAN SELATAN,63,R102,TANAH BUMBU,6310,10,KALIMANTAN SELATAN TANAH BUMBU,KALIMANTAN_SELATAN_TANAH_BUMBU.txt
KALIMANTAN SELATAN,63,R102,BALANGAN,6311,11,KALIMANTAN SELATAN BALANGAN,KALIMANTAN_SELATAN_BALANGAN.txt
KALIMANTAN SELATAN,63,R102,BANJARMASIN,6371,71,KALIMANTAN SELATAN BANJARMASIN KOTA,KALIMANTAN_SELATAN_BANJARMASIN_KOTA.txt
KALIMANTAN SELATAN,63,R102,BANJARBARU,6372,72,KALIMANTAN SELATAN BANJARBARU KOTA,KALIMANTAN_SELATAN_BANJARBARU_KOTA.txt
KALIMANTAN TIMUR,64,R102,PASER,6401,1,KALIMANTAN TIMUR PASER,KALIMANTAN_TIMUR_PASER.txt
KALIMANTAN TIMUR,64,R102,KUTAI BARAT,6402,2,KALIMANTAN TIMUR KUTAI BARAT,KALIMANTAN_TIMUR_KUTAI_BARAT.txt
KALIMANTAN TIMUR,64,R102,KUTAI KARTANEGARA,6403,3,KALIMANTAN TIMUR KUTAI KARTANEGARA,KALIMANTAN_TIMUR_KUTAI_KARTANEGARA.txt
KALIMANTAN TIMUR,64,R102,KUTAI TIMUR,6404,4,KALIMANTAN TIMUR KUTAI TIMUR,KALIMANTAN_TIMUR_KUTAI_TIMUR.txt
KALIMANTAN TIMUR,64,R102,BERAU,6405,5,KALIMANTAN TIMUR BERAU,KALIMANTAN_TIMUR_BERAU.txt
KALIMANTAN TIMUR,64,R102,PENAJAM PASER UTARA,6409,9,KALIMANTAN TIMUR PENAJAM PASER UTARA,KALIMANTAN_TIMUR_PENAJAM_PASER_UTARA.txt
KALIMANTAN TIMUR,64,R102,MAHAKAM ULU,6411,11,KALIMANTAN TIMUR MAHAKAM ULU,KALIMANTAN_TIMUR_MAHAKAM_ULU.txt
KALIMANTAN TIMUR,64,R102,BALIKPAPAN,6471,71,KALIMANTAN TIMUR BALIKPAPAN KOTA,KALIMANTAN_TIMUR_BALIKPAPAN_KOTA.txt
KALIMANTAN TIMUR,64,R102,SAMARINDA,6472,72,KALIMANTAN TIMUR SAMARINDA KOTA,KALIMANTAN_TIMUR_SAMARINDA_KOTA.txt
KALIMANTAN TIMUR,64,R102,BONTANG,6474,74,KALIMANTAN TIMUR BONTANG KOTA,KALIMANTAN_TIMUR_BONTANG_KOTA.txt
KALIMANTAN UTARA,65,R102,MALINAU,6501,1,KALIMANTAN UTARA MALINAU,KALIMANTAN_UTARA_MALINAU.txt
KALIMANTAN UTARA,65,R102,BULUNGAN,6502,2,KALIMANTAN UTARA BULUNGAN,KALIMANTAN_UTARA_BULUNGAN.txt
KALIMANTAN UTARA,65,R102,TANA TIDUNG,6503,3,KALIMANTAN UTARA TANA TIDUNG,KALIMANTAN_UTARA_TANA_TIDUNG.txt
KALIMANTAN UTARA,65,R102,NUNUKAN,6504,4,KALIMANTAN UTARA NUNUKAN,KALIMANTAN_UTARA_NUNUKAN.txt
KALIMANTAN UTARA,65,R102,TARAKAN,6571,71,KALIMANTAN UTARA TARAKAN KOTA,KALIMANTAN_UTARA_TARAKAN_KOTA.txt
SULAWESI UTARA,71,R102,BOLAANG MONGONDOW,7101,1,SULAWESI UTARA BOLAANG MONGONDOW,SULAWESI_UTARA_BOLAANG_MONGONDOW.txt
SULAWESI UTARA,71,R102,MINAHASA,7102,2,SULAWESI UTARA MINAHASA,SULAWESI_UTARA_MINAHASA.txt
SULAWESI UTARA,71,R102,KEPULAUAN SANGIHE,7103,3,SULAWESI UTARA KEPULAUAN SANGIHE,SULAWESI_UTARA_KEPULAUAN_SANGIHE.txt
SULAWESI UTARA,71,R102,KEPULAUAN TALAUD,7104,4,SULAWESI UTARA KEPULAUAN TALAUD,SULAWESI_UTARA_KEPULAUAN_TALAUD.txt
SULAWESI UTARA,71,R102,MINAHASA SELATAN,7105,5,SULAWESI UTARA MINAHASA SELATAN,SULAWESI_UTARA_MINAHASA_SELATAN.txt
SULAWESI UTARA,71,R102,MINAHASA UTARA,7106,6,SULAWESI UTARA MINAHASA UTARA,SULAWESI_UTARA_MINAHASA_UTARA.txt
SULAWESI UTARA,71,R102,BOLAANG MONGONDOW UTARA,7107,7,SULAWESI UTARA BOLAANG MONGONDOW UTARA,SULAWESI_UTARA_BOLAANG_MONGONDOW_UTARA.txt
SULAWESI UTARA,71,R102,SIAU TAGULANDANG BIARO,7108,8,SULAWESI UTARA SIAU TAGULANDANG BIARO,SULAWESI_UTARA_SIAU_TAGULANDANG_BIARO.txt
SULAWESI UTARA,71,R102,MINAHASA TENGGARA,7109,9,SULAWESI UTARA MINAHASA TENGGARA,SULAWESI_UTARA_MINAHASA_TENGGARA.txt
SULAWESI UTARA,71,R102,BOLAANG MONGONDOW SELATAN,7110,10,SULAWESI UTARA BOLAANG MONGONDOW SELATAN,SULAWESI_UTARA_BOLAANG_MONGONDOW_SELATAN.txt
SULAWESI UTARA,71,R102,BOLAANG MONGONDOW TIMUR,7111,11,SULAWESI UTARA BOLAANG MONGONDOW TIMUR,SULAWESI_UTARA_BOLAANG_MONGONDOW_TIMUR.txt
SULAWESI UTARA,71,R102,MANADO,7171,71,SULAWESI UTARA MANADO KOTA,SULAWESI_UTARA_MANADO_KOTA.txt
SULAWESI UTARA,71,R102,BITUNG,7172,72,SULAWESI UTARA BITUNG KOTA,SULAWESI_UTARA_BITUNG_KOTA.txt
SULAWESI UTARA,71,R102,TOMOHON,7173,73,SULAWESI UTARA TOMOHON KOTA,SULAWESI_UTARA_TOMOHON_KOTA.txt
SULAWESI UTARA,71,R102,KOTAMOBAGU,7174,74,SULAWESI UTARA KOTAMOBAGU KOTA,SULAWESI_UTARA_KOTAMOBAGU_KOTA.txt
SULAWESI TENGAH,72,R102,BANGGAI KEPULAUAN,7201,1,SULAWESI TENGAH BANGGAI KEPULAUAN,SULAWESI_TENGAH_BANGGAI_KEPULAUAN.txt
SULAWESI TENGAH,72,R102,BANGGAI,7202,2,SULAWESI TENGAH BANGGAI,SULAWESI_TENGAH_BANGGAI.txt
SULAWESI TENGAH,72,R102,MOROWALI,7203,3,SULAWESI TENGAH MOROWALI,SULAWESI_TENGAH_MOROWALI.txt
SULAWESI TENGAH,72,R102,POSO,7204,4,SULAWESI TENGAH POSO,SULAWESI_TENGAH_POSO.txt
SULAWESI TENGAH,72,R102,DONGGALA,7205,5,SULAWESI TENGAH DONGGALA,SULAWESI_TENGAH_DONGGALA.txt
SULAWESI TENGAH,72,R102,TOLI TOLI,7206,6,SULAWESI TENGAH TOLI TOLI,SULAWESI_TENGAH_TOLI_TOLI.txt
SULAWESI TENGAH,72,R102,BUOL,7207,7,SULAWESI TENGAH BUOL,SULAWESI_TENGAH_BUOL.txt
SULAWESI TENGAH,72,R102,PARIGI MOUTONG,7208,8,SULAWESI TENGAH PARIGI MOUTONG,SULAWESI_TENGAH_PARIGI_MOUTONG.txt
SULAWESI TENGAH,72,R102,TOJO UNA UNA,7209,9,SULAWESI TENGAH TOJO UNA UNA,SULAWESI_TENGAH_TOJO_UNA_UNA.txt
SULAWESI TENGAH,72,R102,SIGI,7210,10,SULAWESI TENGAH SIGI,SULAWESI_TENGAH_SIGI.txt
SULAWESI TENGAH,72,R102,BANGGAI LAUT,7211,11,SULAWESI TENGAH BANGGAI LAUT,SULAWESI_TENGAH_BANGGAI_LAUT.txt
SULAWESI TENGAH,72,R102,MOROWALI UTARA,7212,12,SULAWESI TENGAH MOROWALI UTARA,SULAWESI_TENGAH_MOROWALI_UTARA.txt
SULAWESI TENGAH,72,R102,PALU,7271,71,SULAWESI TENGAH PALU KOTA,SULAWESI_TENGAH_PALU_KOTA.txt
SULAWESI SELATAN,73,R102,KEPULAUAN SELAYAR,7301,1,SULAWESI SELATAN KEPULAUAN SELAYAR,SULAWESI_SELATAN_KEPULAUAN_SELAYAR.txt
SULAWESI SELATAN,73,R102,BULUKUMBA,7302,2,SULAWESI SELATAN BULUKUMBA,SULAWESI_SELATAN_BULUKUMBA.txt
SULAWESI SELATAN,73,R102,BANTAENG,7303,3,SULAWESI SELATAN BANTAENG,SULAWESI_SELATAN_BANTAENG.txt
SULAWESI SELATAN,73,R102,JENEPONTO,7304,4,SULAWESI SELATAN JENEPONTO,SULAWESI_SELATAN_JENEPONTO.txt
SULAWESI SELATAN,73,R102,TAKALAR,7305,5,SULAWESI SELATAN TAKALAR,SULAWESI_SELATAN_TAKALAR.txt
SULAWESI SELATAN,73,R102,GOWA,7306,6,SULAWESI SELATAN GOWA,SULAWESI_SELATAN_GOWA.txt
SULAWESI SELATAN,73,R102,SINJAI,7307,7,SULAWESI SELATAN SINJAI,SULAWESI_SELATAN_SINJAI.txt
SULAWESI SELATAN,73,R102,MAROS,7308,8,SULAWESI SELATAN MAROS,SULAWESI_SELATAN_MAROS.txt
SULAWESI SELATAN,73,R102,PANGKAJENE DAN KEPULAUAN,7309,9,SULAWESI SELATAN PANGKAJENE DAN KEPULAUAN,SULAWESI_SELATAN_PANGKAJENE_DAN_KEPULAUAN.txt
SULAWESI SELATAN,73,R102,BARRU,7310,10,SULAWESI SELATAN BARRU,SULAWESI_SELATAN_BARRU.txt
SULAWESI SELATAN,73,R102,BONE,7311,11,SULAWESI SELATAN BONE,SULAWESI_SELATAN_BONE.txt
SULAWESI SELATAN,73,R102,SOPPENG,7312,12,SULAWESI SELATAN SOPPENG,SULAWESI_SELATAN_SOPPENG.txt
SULAWESI SELATAN,73,R102,WAJO,7313,13,SULAWESI SELATAN WAJO,SULAWESI_SELATAN_WAJO.txt
SULAWESI SELATAN,73,R102,SIDENRENG RAPPANG,7314,14,SULAWESI SELATAN SIDENRENG RAPPANG,SULAWESI_SELATAN_SIDENRENG_RAPPANG.txt
SULAWESI SELATAN,73,R102,PINRANG,7315,15,SULAWESI SELATAN PINRANG,SULAWESI_SELATAN_PINRANG.txt
SULAWESI SELATAN,73,R102,ENREKANG,7316,16,SULAWESI SELATAN ENREKANG,SULAWESI_SELATAN_ENREKANG.txt
SULAWESI SELATAN,73,R102,LUWU,7317,17,SULAWESI SELATAN LUWU,SULAWESI_SELATAN_LUWU.txt
SULAWESI SELATAN,73,R102,TANA TORAJA,7318,18,SULAWESI SELATAN TANA TORAJA,SULAWESI_SELATAN_TANA_TORAJA.txt
SULAWESI SELATAN,73,R102,LUWU UTARA,7322,22,SULAWESI SELATAN LUWU UTARA,SULAWESI_SELATAN_LUWU_UTARA.txt
SULAWESI SELATAN,73,R102,LUWU TIMUR,7325,25,SULAWESI SELATAN LUWU TIMUR,SULAWESI_SELATAN_LUWU_TIMUR.txt
SULAWESI SELATAN,73,R102,TORAJA UTARA,7326,26,SULAWESI SELATAN TORAJA UTARA,SULAWESI_SELATAN_TORAJA_UTARA.txt
SULAWESI SELATAN,73,R102,MAKASSAR,7371,71,SULAWESI SELATAN MAKASSAR KOTA,SULAWESI_SELATAN_MAKASSAR_KOTA.txt
SULAWESI SELATAN,73,R102,PAREPARE,7372,72,SULAWESI SELATAN PAREPARE KOTA,SULAWESI_SELATAN_PAREPARE_KOTA.txt
SULAWESI SELATAN,73,R102,PALOPO,7373,73,SULAWESI SELATAN PALOPO KOTA,SULAWESI_SELATAN_PALOPO_KOTA.txt
SULAWESI TENGGARA,74,R102,BUTON,7401,1,SULAWESI TENGGARA BUTON,SULAWESI_TENGGARA_BUTON.txt
SULAWESI TENGGARA,74,R102,MUNA,7402,2,SULAWESI TENGGARA MUNA,SULAWESI_TENGGARA_MUNA.txt
SULAWESI TENGGARA,74,R102,KONAWE,7403,3,SULAWESI TENGGARA KONAWE,SULAWESI_TENGGARA_KONAWE.txt
SULAWESI TENGGARA,74,R102,KOLAKA,7404,4,SULAWESI TENGGARA KOLAKA,SULAWESI_TENGGARA_KOLAKA.txt
SULAWESI TENGGARA,74,R102,KONAWE SELATAN,7405,5,SULAWESI TENGGARA KONAWE SELATAN,SULAWESI_TENGGARA_KONAWE_SELATAN.txt
SULAWESI TENGGARA,74,R102,BOMBANA,7406,6,SULAWESI TENGGARA BOMBANA,SULAWESI_TENGGARA_BOMBANA.txt
SULAWESI TENGGARA,74,R102,WAKATOBI,7407,7,SULAWESI TENGGARA WAKATOBI,SULAWESI_TENGGARA_WAKATOBI.txt
SULAWESI TENGGARA,74,R102,KOLAKA UTARA,7408,8,SULAWESI TENGGARA KOLAKA UTARA,SULAWESI_TENGGARA_KOLAKA_UTARA.txt
SULAWESI TENGGARA,74,R102,BUTON UTARA,7409,9,SULAWESI TENGGARA BUTON UTARA,SULAWESI_TENGGARA_BUTON_UTARA.txt
SULAWESI TENGGARA,74,R102,KONAWE UTARA,7410,10,SULAWESI TENGGARA KONAWE UTARA,SULAWESI_TENGGARA_KONAWE_UTARA.txt
SULAWESI TENGGARA,74,R102,KOLAKA TIMUR,7411,11,SULAWESI TENGGARA KOLAKA TIMUR,SULAWESI_TENGGARA_KOLAKA_TIMUR.txt
SULAWESI TENGGARA,74,R102,KONAWE KEPULAUAN,7412,12,SULAWESI TENGGARA KONAWE KEPULAUAN,SULAWESI_TENGGARA_KONAWE_KEPULAUAN.txt
SULAWESI TENGGARA,74,R102,MUNA BARAT,7413,13,SULAWESI TENGGARA MUNA BARAT,SULAWESI_TENGGARA_MUNA_BARAT.txt
SULAWESI TENGGARA,74,R102,BUTON TENGAH,7414,14,SULAWESI TENGGARA BUTON TENGAH,SULAWESI_TENGGARA_BUTON_TENGAH.txt
SULAWESI TENGGARA,74,R102,BUTON SELATAN,7415,15,SULAWESI TENGGARA BUTON SELATAN,SULAWESI_TENGGARA_BUTON_SELATAN.txt
SULAWESI TENGGARA,74,R102,KENDARI,7471,71,SULAWESI TENGGARA KENDARI KOTA,SULAWESI_TENGGARA_KENDARI_KOTA.txt
SULAWESI TENGGARA,74,R102,BAUBAU,7472,72,SULAWESI TENGGARA BAUBAU KOTA,SULAWESI_TENGGARA_BAUBAU_KOTA.txt
GORONTALO,75,R102,BOALEMO,7501,1,GORONTALO BOALEMO,GORONTALO_BOALEMO.txt
GORONTALO,75,R102,GORONTALO,7502,2,GORONTALO GORONTALO,GORONTALO_GORONTALO.txt
GORONTALO,75,R102,POHUWATO,7503,3,GORONTALO POHUWATO,GORONTALO_POHUWATO.txt
GORONTALO,75,R102,BONE BOLANGO,7504,4,GORONTALO BONE BOLANGO,GORONTALO_BONE_BOLANGO.txt
GORONTALO,75,R102,GORONTALO UTARA,7505,5,GORONTALO GORONTALO UTARA,GORONTALO_GORONTALO_UTARA.txt
GORONTALO,75,R102,GORONTALO,7571,71,GORONTALO GORONTALO KOTA,GORONTALO_GORONTALO_KOTA.txt
SULAWESI BARAT,76,R102,MAJENE,7601,1,SULAWESI BARAT MAJENE,SULAWESI_BARAT_MAJENE.txt
SULAWESI BARAT,76,R102,POLEWALI MANDAR,7602,2,SULAWESI BARAT POLEWALI MANDAR,SULAWESI_BARAT_POLEWALI_MANDAR.txt
SULAWESI BARAT,76,R102,MAMASA,7603,3,SULAWESI BARAT MAMASA,SULAWESI_BARAT_MAMASA.txt
SULAWESI BARAT,76,R102,MAMUJU,7604,4,SULAWESI BARAT MAMUJU,SULAWESI_BARAT_MAMUJU.txt
SULAWESI BARAT,76,R102,PASANGKAYU,7605,5,SULAWESI BARAT PASANGKAYU,SULAWESI_BARAT_PASANGKAYU.txt
SULAWESI BARAT,76,R102,MAMUJU TENGAH,7606,6,SULAWESI BARAT MAMUJU TENGAH,SULAWESI_BARAT_MAMUJU_TENGAH.txt
MALUKU,81,R102,KEPULAUAN TANIMBAR,8101,1,MALUKU KEPULAUAN TANIMBAR,MALUKU_KEPULAUAN_TANIMBAR.txt
MALUKU,81,R102,MALUKU TENGGARA,8102,2,MALUKU MALUKU TENGGARA,MALUKU_MALUKU_TENGGARA.txt
MALUKU,81,R102,MALUKU TENGAH,8103,3,MALUKU MALUKU TENGAH,MALUKU_MALUKU_TENGAH.txt
MALUKU,81,R102,BURU,8104,4,MALUKU BURU,MALUKU_BURU.txt
MALUKU,81,R102,KEPULAUAN ARU,8105,5,MALUKU KEPULAUAN ARU,MALUKU_KEPULAUAN_ARU.txt
MALUKU,81,R102,SERAM BAGIAN BARAT,8106,6,MALUKU SERAM BAGIAN BARAT,MALUKU_SERAM_BAGIAN_BARAT.txt
MALUKU,81,R102,SERAM BAGIAN TIMUR,8107,7,MALUKU SERAM BAGIAN TIMUR,MALUKU_SERAM_BAGIAN_TIMUR.txt
MALUKU,81,R102,MALUKU BARAT DAYA,8108,8,MALUKU MALUKU BARAT DAYA,MALUKU_MALUKU_BARAT_DAYA.txt
MALUKU,81,R102,BURU SELATAN,8109,9,MALUKU BURU SELATAN,MALUKU_BURU_SELATAN.txt
MALUKU,81,R102,AMBON,8171,71,MALUKU AMBON KOTA,MALUKU_AMBON_KOTA.txt
MALUKU,81,R102,TUAL,8172,72,MALUKU TUAL KOTA,MALUKU_TUAL_KOTA.txt
MALUKU UTARA,82,R102,HALMAHERA BARAT,8201,1,MALUKU UTARA HALMAHERA BARAT,MALUKU_UTARA_HALMAHERA_BARAT.txt
MALUKU UTARA,82,R102,HALMAHERA TENGAH,8202,2,MALUKU UTARA HALMAHERA TENGAH,MALUKU_UTARA_HALMAHERA_TENGAH.txt
MALUKU UTARA,82,R102,KEPULAUAN SULA,8203,3,MALUKU UTARA KEPULAUAN SULA,MALUKU_UTARA_KEPULAUAN_SULA.txt
MALUKU UTARA,82,R102,HALMAHERA SELATAN,8204,4,MALUKU UTARA HALMAHERA SELATAN,MALUKU_UTARA_HALMAHERA_SELATAN.txt
MALUKU UTARA,82,R102,HALMAHERA UTARA,8205,5,MALUKU UTARA HALMAHERA UTARA,MALUKU_UTARA_HALMAHERA_UTARA.txt
MALUKU UTARA,82,R102,HALMAHERA TIMUR,8206,6,MALUKU UTARA HALMAHERA TIMUR,MALUKU_UTARA_HALMAHERA_TIMUR.txt
MALUKU UTARA,82,R102,PULAU MOROTAI,8207,7,MALUKU UTARA PULAU MOROTAI,MALUKU_UTARA_PULAU_MOROTAI.txt
MALUKU UTARA,82,R102,PULAU TALIABU,8208,8,MALUKU UTARA PULAU TALIABU,MALUKU_UTARA_PULAU_TALIABU.txt
MALUKU UTARA,82,R102,TERNATE,8271,71,MALUKU UTARA TERNATE KOTA,MALUKU_UTARA_TERNATE_KOTA.txt
MALUKU UTARA,82,R102,TIDORE KEPULAUAN,8272,72,MALUKU UTARA TIDORE KEPULAUAN KOTA,MALUKU_UTARA_TIDORE_KEPULAUAN_KOTA.txt
PAPUA BARAT,91,R102,FAKFAK,9101,1,PAPUA BARAT FAKFAK,PAPUA_BARAT_FAKFAK.txt
PAPUA BARAT,91,R102,KAIMANA,9102,2,PAPUA BARAT KAIMANA,PAPUA_BARAT_KAIMANA.txt
PAPUA BARAT,91,R102,TELUK WONDAMA,9103,3,PAPUA BARAT TELUK WONDAMA,PAPUA_BARAT_TELUK_WONDAMA.txt
PAPUA BARAT,91,R102,TELUK BINTUNI,9104,4,PAPUA BARAT TELUK BINTUNI,PAPUA_BARAT_TELUK_BINTUNI.txt
PAPUA BARAT,91,R102,MANOKWARI,9105,5,PAPUA BARAT MANOKWARI,PAPUA_BARAT_MANOKWARI.txt
PAPUA BARAT,91,R102,MANOKWARI SELATAN,9111,11,PAPUA BARAT MANOKWARI SELATAN,PAPUA_BARAT_MANOKWARI_SELATAN.txt
PAPUA BARAT,91,R102,PEGUNUNGAN ARFAK,9112,12,PAPUA BARAT PEGUNUNGAN ARFAK,PAPUA_BARAT_PEGUNUNGAN_ARFAK.txt
PAPUA BARAT DAYA,92,R102,RAJA AMPAT,9201,1,PAPUA BARAT DAYA RAJA AMPAT,PAPUA_BARAT_DAYA_RAJA_AMPAT.txt
PAPUA BARAT DAYA,92,R102,SORONG,9202,2,PAPUA BARAT DAYA SORONG,PAPUA_BARAT_DAYA_SORONG.txt
PAPUA BARAT DAYA,92,R102,SORONG SELATAN,9203,3,PAPUA BARAT DAYA SORONG SELATAN,PAPUA_BARAT_DAYA_SORONG_SELATAN.txt
PAPUA BARAT DAYA,92,R102,MAYBRAT,9204,4,PAPUA BARAT DAYA MAYBRAT,PAPUA_BARAT_DAYA_MAYBRAT.txt
PAPUA BARAT DAYA,92,R102,TAMBRAUW,9205,5,PAPUA BARAT DAYA TAMBRAUW,PAPUA_BARAT_DAYA_TAMBRAUW.txt
PAPUA BARAT DAYA,92,R102,SORONG,9271,71,PAPUA BARAT DAYA SORONG KOTA,PAPUA_BARAT_DAYA_SORONG_KOTA.txt
PAPUA,94,R102,JAYAPURA,9403,3,PAPUA JAYAPURA,PAPUA_JAYAPURA.txt
PAPUA,94,R102,KEPULAUAN YAPEN,9408,8,PAPUA KEPULAUAN YAPEN,PAPUA_KEPULAUAN_YAPEN.txt
PAPUA,94,R102,BIAK NUMFOR,9409,9,PAPUA BIAK NUMFOR,PAPUA_BIAK_NUMFOR.txt
PAPUA,94,R102,SARMI,9419,19,PAPUA SARMI,PAPUA_SARMI.txt
PAPUA,94,R102,KEEROM,9420,20,PAPUA KEEROM,PAPUA_KEEROM.txt
PAPUA,94,R102,WAROPEN,9426,26,PAPUA WAROPEN,PAPUA_WAROPEN.txt
PAPUA,94,R102,SUPIORI,9427,27,PAPUA SUPIORI,PAPUA_SUPIORI.txt
PAPUA,94,R102,MAMBERAMO RAYA,9428,28,PAPUA MAMBERAMO RAYA,PAPUA_MAMBERAMO_RAYA.txt
PAPUA,94,R102,JAYAPURA,9471,71,PAPUA JAYAPURA KOTA,PAPUA_JAYAPURA_KOTA.txt
PAPUA SELATAN,95,R102,MERAUKE,9501,1,PAPUA SELATAN MERAUKE,PAPUA_SELATAN_MERAUKE.txt
PAPUA SELATAN,95,R102,BOVEN DIGOEL,9502,2,PAPUA SELATAN BOVEN DIGOEL,PAPUA_SELATAN_BOVEN_DIGOEL.txt
PAPUA SELATAN,95,R102,MAPPI,9503,3,PAPUA SELATAN MAPPI,PAPUA_SELATAN_MAPPI.txt
PAPUA SELATAN,95,R102,ASMAT,9504,4,PAPUA SELATAN ASMAT,PAPUA_SELATAN_ASMAT.txt
PAPUA TENGAH,96,R102,MIMIKA,9601,1,PAPUA TENGAH MIMIKA,PAPUA_TENGAH_MIMIKA.txt
PAPUA TENGAH,96,R102,DOGIYAI,9602,2,PAPUA TENGAH DOGIYAI,PAPUA_TENGAH_DOGIYAI.txt
PAPUA TENGAH,96,R102,DEIYAI,9603,3,PAPUA TENGAH DEIYAI,PAPUA_TENGAH_DEIYAI.txt
PAPUA TENGAH,96,R102,NABIRE,9604,4,PAPUA TENGAH NABIRE,PAPUA_TENGAH_NABIRE.txt
PAPUA TENGAH,96,R102,PANIAI,9605,5,PAPUA TENGAH PANIAI,PAPUA_TENGAH_PANIAI.txt
PAPUA TENGAH,96,R102,INTAN JAYA,9606,6,PAPUA TENGAH INTAN JAYA,PAPUA_TENGAH_INTAN_JAYA.txt
PAPUA TENGAH,96,R102,PUNCAK,9607,7,PAPUA TENGAH PUNCAK,PAPUA_TENGAH_PUNCAK.txt
PAPUA TENGAH,96,R102,PUNCAK JAYA,9608,8,PAPUA TENGAH PUNCAK JAYA,PAPUA_TENGAH_PUNCAK_JAYA.txt
PAPUA PEGUNUNGAN,97,R102,NDUGA,9701,1,PAPUA PEGUNUNGAN NDUGA,PAPUA_PEGUNUNGAN_NDUGA.txt
PAPUA PEGUNUNGAN,97,R102,JAYAWIJAYA,9702,2,PAPUA PEGUNUNGAN JAYAWIJAYA,PAPUA_PEGUNUNGAN_JAYAWIJAYA.txt
PAPUA PEGUNUNGAN,97,R102,LANNY JAYA,9703,3,PAPUA PEGUNUNGAN LANNY JAYA,PAPUA_PEGUNUNGAN_LANNY_JAYA.txt
PAPUA PEGUNUNGAN,97,R102,TOLIKARA,9704,4,PAPUA PEGUNUNGAN TOLIKARA,PAPUA_PEGUNUNGAN_TOLIKARA.txt
PAPUA PEGUNUNGAN,97,R102,MAMBERAMO TENGAH,9705,5,PAPUA PEGUNUNGAN MAMBERAMO TENGAH,PAPUA_PEGUNUNGAN_MAMBERAMO_TENGAH.txt
PAPUA PEGUNUNGAN,97,R102,YALIMO,9706,6,PAPUA PEGUNUNGAN YALIMO,PAPUA_PEGUNUNGAN_YALIMO.txt
PAPUA PEGUNUNGAN,97,R102,YAHUKIMO,9707,7,PAPUA PEGUNUNGAN YAHUKIMO,PAPUA_PEGUNUNGAN_YAHUKIMO.txt
PAPUA PEGUNUNGAN,97,R102,PEGUNUNGAN BINTANG,9708,8,PAPUA PEGUNUNGAN PEGUNUNGAN BINTANG,PAPUA_PEGUNUNGAN_PEGUNUNGAN_BINTANG.txt
