nama_prov2,2004,2005,2006,2007,2008,2009,2010,2011,2012,2013,2014,2015,2016,2017,2018,2019,2020,2021,2022,2023,2024,2025
Aceh,0.0,0.0,0.0,0.0,0.0,0.0,0.0,0.0,0.0,0.0,0.0,0.0,0.0,0.0,0.0,0.0,0.0,0.0,4.3478260869565215,8.695652173913043,8.695652173913043,8.695652173913043
Bali,0.0,0.0,0.0,0.0,0.0,0.0,0.0,0.0,0.0,11.11111111111111,11.11111111111111,11.11111111111111,33.33333333333333,33.33333333333333,33.33333333333333,44.44444444444444,44.44444444444444,44.44444444444444,44.44444444444444,44.44444444444444,44.44444444444444,44.44444444444444
Bangka-Belitung,0.0,0.0,0.0,0.0,0.0,0.0,0.0,14.285714285714285,14.285714285714285,14.285714285714285,28.57142857142857,42.857142857142854,42.857142857142854,42.857142857142854,57.14285714285714,71.42857142857143,85.71428571428571,85.71428571428571,85.71428571428571,85.71428571428571,85.71428571428571,85.71428571428571
Banten,0.0,0.0,0.0,0.0,0.0,0.0,0.0,0.0,12.5,12.5,12.5,12.5,12.5,12.5,12.5,12.5,12.5,12.5,12.5,12.5,12.5,12.5
Bengkulu,0.0,0.0,0.0,0.0,0.0,0.0,0.0,0.0,0.0,0.0,0.0,10.0,30.0,30.0,30.0,30.0,30.0,30.0,30.0,30.0,30.0,30.0
Gorontalo,0.0,0.0,0.0,0.0,0.0,0.0,0.0,0.0,0.0,0.0,0.0,0.0,16.666666666666664,16.666666666666664,50.0,66.66666666666666,66.66666666666666,66.66666666666666,66.66666666666666,66.66666666666666,66.66666666666666,66.66666666666666
Jakarta Raya,0.0,0.0,0.0,0.0,0.0,0.0,0.0,100.0,100.0,100.0,100.0,100.0,100.0,100.0,100.0,100.0,100.0,100.0,100.0,100.0,100.0,100.0
Jambi,0.0,0.0,0.0,0.0,0.0,0.0,0.0,0.0,0.0,0.0,0.0,0.0,0.0,0.0,0.0,0.0,0.0,0.0,9.090909090909092,18.181818181818183,18.181818181818183,18.181818181818183
Jawa Barat,0.0,0.0,0.0,0.0,0.0,0.0,0.0,0.0,7.4074074074074066,7.4074074074074066,7.4074074074074066,11.11111111111111,18.51851851851852,25.925925925925924,33.33333333333333,40.74074074074074,44.44444444444444,51.85185185185185,51.85185185185185,51.85185185185185,59.25925925925925,62.96296296296296
Jawa Tengah,0.0,0.0,0.0,0.0,0.0,2.857142857142857,2.857142857142857,5.714285714285714,11.428571428571429,20.0,25.71428571428571,37.142857142857146,42.857142857142854,48.57142857142857,51.42857142857142,51.42857142857142,54.285714285714285,57.14285714285714,60.0,60.0,62.857142857142854,65.71428571428571
Jawa Timur,0.0,0.0,0.0,2.631578947368421,10.526315789473683,13.157894736842104,13.157894736842104,21.052631578947366,23.684210526315788,28.947368421052634,28.947368421052634,34.21052631578947,36.84210526315789,42.10526315789473,47.368421052631575,50.0,50.0,50.0,50.0,50.0,50.0,50.0
Kalimantan Barat,0.0,0.0,0.0,0.0,0.0,0.0,0.0,0.0,0.0,0.0,0.0,7.142857142857142,21.428571428571427,35.714285714285715,35.714285714285715,42.857142857142854,42.857142857142854,42.857142857142854,50.0,50.0,50.0,50.0
Kalimantan Selatan,0.0,0.0,0.0,0.0,0.0,0.0,0.0,0.0,0.0,0.0,7.6923076923076925,23.076923076923077,38.46153846153847,46.15384615384615,46.15384615384615,46.15384615384615,46.15384615384615,53.84615384615385,53.84615384615385,61.53846153846154,61.53846153846154,61.53846153846154
Kalimantan Tengah,0.0,0.0,0.0,0.0,0.0,0.0,0.0,0.0,0.0,0.0,0.0,14.285714285714285,14.285714285714285,14.285714285714285,14.285714285714285,21.428571428571427,21.428571428571427,35.714285714285715,42.857142857142854,50.0,57.14285714285714,57.14285714285714
Kalimantan Timur,0.0,0.0,0.0,0.0,0.0,0.0,0.0,0.0,10.0,10.0,10.0,10.0,20.0,20.0,20.0,30.0,30.0,30.0,30.0,50.0,50.0,50.0
Kepulauan Riau,0.0,0.0,0.0,0.0,0.0,0.0,0.0,0.0,0.0,0.0,0.0,0.0,0.0,0.0,14.285714285714285,14.285714285714285,14.285714285714285,14.285714285714285,14.285714285714285,14.285714285714285,14.285714285714285,14.285714285714285
Lampung,0.0,0.0,0.0,0.0,0.0,0.0,0.0,0.0,0.0,6.666666666666667,13.333333333333334,20.0,20.0,26.666666666666668,26.666666666666668,40.0,40.0,40.0,46.666666666666664,46.666666666666664,53.333333333333336,53.333333333333336
Maluku,0.0,0.0,0.0,0.0,0.0,0.0,0.0,0.0,0.0,0.0,0.0,0.0,0.0,9.090909090909092,9.090909090909092,27.27272727272727,27.27272727272727,27.27272727272727,36.36363636363637,36.36363636363637,36.36363636363637,36.36363636363637
Maluku Utara,0.0,0.0,0.0,0.0,0.0,0.0,0.0,0.0,0.0,10.0,10.0,10.0,10.0,10.0,10.0,10.0,10.0,10.0,20.0,20.0,20.0,20.0
Nusa Tenggara Barat,0.0,0.0,0.0,0.0,0.0,10.0,10.0,10.0,20.0,20.0,20.0,20.0,20.0,30.0,40.0,50.0,50.0,50.0,50.0,50.0,60.0,60.0
Nusa Tenggara Timur,0.0,0.0,0.0,0.0,0.0,0.0,0.0,0.0,4.545454545454546,4.545454545454546,4.545454545454546,4.545454545454546,4.545454545454546,9.090909090909092,13.636363636363635,13.636363636363635,18.181818181818183,18.181818181818183,18.181818181818183,18.181818181818183,18.181818181818183,18.181818181818183
Papua,0.0,0.0,0.0,0.0,0.0,0.0,0.0,0.0,0.0,0.0,0.0,0.0,0.0,0.0,0.0,0.0,0.0,0.0,0.0,0.0,0.0,0.0
Papua Barat,0.0,0.0,0.0,0.0,0.0,0.0,0.0,0.0,0.0,0.0,0.0,0.0,0.0,0.0,0.0,0.0,0.0,0.0,0.0,0.0,0.0,0.0
Riau,0.0,0.0,0.0,0.0,0.0,0.0,0.0,0.0,0.0,0.0,0.0,0.0,0.0,0.0,0.0,0.0,0.0,0.0,8.333333333333332,16.666666666666664,16.666666666666664,16.666666666666664
Sulawesi Barat,0.0,0.0,0.0,0.0,0.0,0.0,0.0,0.0,0.0,0.0,0.0,0.0,0.0,0.0,0.0,16.666666666666664,16.666666666666664,16.666666666666664,16.666666666666664,33.33333333333333,33.33333333333333,33.33333333333333
Sulawesi Selatan,0.0,0.0,0.0,0.0,0.0,0.0,0.0,0.0,0.0,0.0,0.0,0.0,4.166666666666666,8.333333333333332,12.5,16.666666666666664,16.666666666666664,16.666666666666664,16.666666666666664,16.666666666666664,20.833333333333336,20.833333333333336
Sulawesi Tengah,0.0,0.0,0.0,0.0,7.6923076923076925,7.6923076923076925,7.6923076923076925,7.6923076923076925,7.6923076923076925,7.6923076923076925,15.384615384615385,15.384615384615385,23.076923076923077,23.076923076923077,38.46153846153847,38.46153846153847,38.46153846153847,38.46153846153847,46.15384615384615,53.84615384615385,53.84615384615385,53.84615384615385
Sulawesi Tenggara,0.0,0.0,0.0,0.0,0.0,0.0,0.0,0.0,0.0,0.0,0.0,0.0,0.0,0.0,5.88235294117647,11.76470588235294,11.76470588235294,29.411764705882355,47.05882352941176,47.05882352941176,47.05882352941176,47.05882352941176
Sulawesi Utara,0.0,0.0,0.0,0.0,0.0,0.0,0.0,0.0,0.0,0.0,0.0,0.0,6.666666666666667,6.666666666666667,6.666666666666667,13.333333333333334,13.333333333333334,13.333333333333334,13.333333333333334,13.333333333333334,13.333333333333334,13.333333333333334
Sumatera Barat,0.0,0.0,0.0,0.0,0.0,0.0,0.0,0.0,0.0,0.0,0.0,5.263157894736842,10.526315789473683,21.052631578947366,26.31578947368421,26.31578947368421,31.57894736842105,31.57894736842105,31.57894736842105,31.57894736842105,31.57894736842105,36.84210526315789
Sumatera Selatan,0.0,0.0,0.0,0.0,0.0,0.0,0.0,0.0,5.88235294117647,5.88235294117647,5.88235294117647,5.88235294117647,5.88235294117647,5.88235294117647,17.647058823529413,29.411764705882355,35.294117647058826,41.17647058823529,47.05882352941176,52.94117647058824,52.94117647058824,52.94117647058824
Sumatera Utara,0.0,0.0,0.0,0.0,0.0,0.0,0.0,0.0,0.0,0.0,0.0,0.0,3.0303030303030303,6.0606060606060606,6.0606060606060606,6.0606060606060606,6.0606060606060606,9.090909090909092,9.090909090909092,12.121212121212121,12.121212121212121,12.121212121212121
Yogyakarta,0.0,0.0,0.0,0.0,0.0,0.0,0.0,0.0,20.0,40.0,40.0,60.0,60.0,80.0,80.0,80.0,80.0,80.0,80.0,80.0,80.0,80.0
