fullname,filename,indicator_id,indicator_value,dimension,golden_label,pred_label,value,pred_value,error_type
ACEH BIREUEN,ACEH_BIREUEN.txt,3.4,Safety / protection shelter,specialised_support_services,No,Yes,0.0,1.0,false_positive
ACEH BIREUEN,ACEH_BIREUEN.txt,4.2,Gender equality education,primary_prevention,No,Yes,0.0,1.0,false_positive
ACEH BIREUEN,ACEH_BIREUEN.txt,4.4,Prevention through education,primary_prevention,No,Yes,0.0,1.0,false_positive
ACEH BIREUEN,ACEH_BIREUEN.txt,5.1,NGO collaboration,stakeholder_engagement,No,Yes,0.0,1.0,false_positive
ACEH BIREUEN,ACEH_BIREUEN.txt,5.4,Education institutions engagement,stakeholder_engagement,No,Yes,0.0,1.0,false_positive
ACEH BIREUEN,ACEH_BIREUEN.txt,5.5,International organisations engagement,stakeholder_engagement,No,Yes,0.0,1.0,false_positive
ACEH BIREUEN,ACEH_BIREUEN.txt,6.7,Minority groups,intersectional_approach,Yes,No,1.0,0.0,false_negative
ACEH BIREUEN,ACEH_BIREUEN.txt,6.8,Legal process involvement,intersectional_approach,No,Yes,0.0,1.0,false_positive
ACEH BIREUEN,ACEH_BIREUEN.txt,7.3,International donors,budget_funding_sources,No,Yes,0.0,1.0,false_positive
JAWA TENGAH SEMARANG,JAWA_TENGAH_SEMARANG.txt,1.6,Harmful practices,scope_of_violence,No,Yes,0.0,1.0,false_positive
JAWA TENGAH SEMARANG,JAWA_TENGAH_SEMARANG.txt,3.4,Safety / protection shelter,specialised_support_services,No,Yes,0.0,1.0,false_positive
JAWA TENGAH SEMARANG,JAWA_TENGAH_SEMARANG.txt,4.2,Gender equality education,primary_prevention,No,Yes,0.0,1.0,false_positive
JAWA TENGAH SEMARANG,JAWA_TENGAH_SEMARANG.txt,4.4,Prevention through education,primary_prevention,No,Yes,0.0,1.0,false_positive
JAWA TENGAH SEMARANG,JAWA_TENGAH_SEMARANG.txt,5.4,Education institutions engagement,stakeholder_engagement,No,Yes,0.0,1.0,false_positive
JAWA TENGAH SEMARANG,JAWA_TENGAH_SEMARANG.txt,6.8,Legal process involvement,intersectional_approach,No,Yes,0.0,1.0,false_positive
JAWA TENGAH SEMARANG,JAWA_TENGAH_SEMARANG.txt,7.3,International donors,budget_funding_sources,No,Yes,0.0,1.0,false_positive
LAMPUNG LAMPUNG TIMUR,LAMPUNG_LAMPUNG_TIMUR.txt,1.5,Economic violence,scope_of_violence,Yes,No,1.0,0.0,false_negative
LAMPUNG LAMPUNG TIMUR,LAMPUNG_LAMPUNG_TIMUR.txt,4.1,Information & education on VAW,primary_prevention,No,Yes,0.0,1.0,false_positive
LAMPUNG LAMPUNG TIMUR,LAMPUNG_LAMPUNG_TIMUR.txt,4.2,Gender equality education,primary_prevention,No,Yes,0.0,1.0,false_positive
LAMPUNG LAMPUNG TIMUR,LAMPUNG_LAMPUNG_TIMUR.txt,4.3,VAW laws awareness,primary_prevention,No,Yes,0.0,1.0,false_positive
LAMPUNG LAMPUNG TIMUR,LAMPUNG_LAMPUNG_TIMUR.txt,4.4,Prevention through education,primary_prevention,No,Yes,0.0,1.0,false_positive
LAMPUNG LAMPUNG TIMUR,LAMPUNG_LAMPUNG_TIMUR.txt,6.2,Trafficking victims,intersectional_approach,No,Yes,0.0,1.0,false_positive
LAMPUNG LAMPUNG TIMUR,LAMPUNG_LAMPUNG_TIMUR.txt,7.3,International donors,budget_funding_sources,No,Yes,0.0,1.0,false_positive
NUSA TENGGARA TIMUR TIMOR TENGAH UTARA,NUSA_TENGGARA_TIMUR_TIMOR_TENGAH_UTARA.txt,1.1,Domestic violence,scope_of_violence,No,Yes,0.0,1.0,false_positive
NUSA TENGGARA TIMUR TIMOR TENGAH UTARA,NUSA_TENGGARA_TIMUR_TIMOR_TENGAH_UTARA.txt,1.2,Sexual violence,scope_of_violence,No,Yes,0.0,1.0,false_positive
NUSA TENGGARA TIMUR TIMOR TENGAH UTARA,NUSA_TENGGARA_TIMUR_TIMOR_TENGAH_UTARA.txt,1.3,Physical violence,scope_of_violence,No,Yes,0.0,1.0,false_positive
NUSA TENGGARA TIMUR TIMOR TENGAH UTARA,NUSA_TENGGARA_TIMUR_TIMOR_TENGAH_UTARA.txt,1.4,Psychological violence,scope_of_violence,No,Yes,0.0,1.0,false_positive
NUSA TENGGARA TIMUR TIMOR TENGAH UTARA,NUSA_TENGGARA_TIMUR_TIMOR_TENGAH_UTARA.txt,1.5,Economic violence,scope_of_violence,No,Yes,0.0,1.0,false_positive
NUSA TENGGARA TIMUR TIMOR TENGAH UTARA,NUSA_TENGGARA_TIMUR_TIMOR_TENGAH_UTARA.txt,3.4,Safety / protection shelter,specialised_support_services,No,Yes,0.0,1.0,false_positive
NUSA TENGGARA TIMUR TIMOR TENGAH UTARA,NUSA_TENGGARA_TIMUR_TIMOR_TENGAH_UTARA.txt,3.5,Legal assistance,specialised_support_services,No,Yes,0.0,1.0,false_positive
NUSA TENGGARA TIMUR TIMOR TENGAH UTARA,NUSA_TENGGARA_TIMUR_TIMOR_TENGAH_UTARA.txt,3.6,Health / medical services,specialised_support_services,No,Yes,0.0,1.0,false_positive
NUSA TENGGARA TIMUR TIMOR TENGAH UTARA,NUSA_TENGGARA_TIMUR_TIMOR_TENGAH_UTARA.txt,3.7,Psychosocial counselling,specialised_support_services,No,Yes,0.0,1.0,false_positive
NUSA TENGGARA TIMUR TIMOR TENGAH UTARA,NUSA_TENGGARA_TIMUR_TIMOR_TENGAH_UTARA.txt,3.9,Resocialisation services,specialised_support_services,No,Yes,0.0,1.0,false_positive
NUSA TENGGARA TIMUR TIMOR TENGAH UTARA,NUSA_TENGGARA_TIMUR_TIMOR_TENGAH_UTARA.txt,3.10,Economic support services,specialised_support_services,No,Yes,0.0,1.0,false_positive
NUSA TENGGARA TIMUR TIMOR TENGAH UTARA,NUSA_TENGGARA_TIMUR_TIMOR_TENGAH_UTARA.txt,5.4,Education institutions engagement,stakeholder_engagement,No,Yes,0.0,1.0,false_positive
NUSA TENGGARA TIMUR TIMOR TENGAH UTARA,NUSA_TENGGARA_TIMUR_TIMOR_TENGAH_UTARA.txt,5.6,Media engagement,stakeholder_engagement,No,Yes,0.0,1.0,false_positive
NUSA TENGGARA TIMUR TIMOR TENGAH UTARA,NUSA_TENGGARA_TIMUR_TIMOR_TENGAH_UTARA.txt,6.3,Women workers,intersectional_approach,No,Yes,0.0,1.0,false_positive
NUSA TENGGARA TIMUR TIMOR TENGAH UTARA,NUSA_TENGGARA_TIMUR_TIMOR_TENGAH_UTARA.txt,6.8,Legal process involvement,intersectional_approach,No,Yes,0.0,1.0,false_positive
SUMATERA BARAT PADANG PARIAMAN,SUMATERA_BARAT_PADANG_PARIAMAN.txt,1.6,Harmful practices,scope_of_violence,No,Yes,0.0,1.0,false_positive
SUMATERA BARAT PADANG PARIAMAN,SUMATERA_BARAT_PADANG_PARIAMAN.txt,1.9,Sexual slavery / exploitation,scope_of_violence,No,Yes,0.0,1.0,false_positive
SUMATERA BARAT PADANG PARIAMAN,SUMATERA_BARAT_PADANG_PARIAMAN.txt,3.2,Police specialised service unit,specialised_support_services,No,Yes,0.0,1.0,false_positive
SUMATERA BARAT PADANG PARIAMAN,SUMATERA_BARAT_PADANG_PARIAMAN.txt,3.10,Economic support services,specialised_support_services,No,Yes,0.0,1.0,false_positive
SUMATERA BARAT PADANG PARIAMAN,SUMATERA_BARAT_PADANG_PARIAMAN.txt,4.2,Gender equality education,primary_prevention,No,Yes,0.0,1.0,false_positive
SUMATERA BARAT PADANG PARIAMAN,SUMATERA_BARAT_PADANG_PARIAMAN.txt,4.3,VAW laws awareness,primary_prevention,No,Yes,0.0,1.0,false_positive
SUMATERA BARAT PADANG PARIAMAN,SUMATERA_BARAT_PADANG_PARIAMAN.txt,4.4,Prevention through education,primary_prevention,No,Yes,0.0,1.0,false_positive
SUMATERA BARAT PADANG PARIAMAN,SUMATERA_BARAT_PADANG_PARIAMAN.txt,6.2,Trafficking victims,intersectional_approach,No,Yes,0.0,1.0,false_positive
SUMATERA BARAT PADANG PARIAMAN,SUMATERA_BARAT_PADANG_PARIAMAN.txt,6.5,Disability,intersectional_approach,No,Yes,0.0,1.0,false_positive
SUMATERA BARAT PADANG PARIAMAN,SUMATERA_BARAT_PADANG_PARIAMAN.txt,6.8,Legal process involvement,intersectional_approach,No,Yes,0.0,1.0,false_positive
