"10. Azerbaijan - DomViol - Azerbaijani - html.txt",10
"100. Luxembourg - DomViol - French (a).txt",100
"100. Luxembourg - DomViol - French (b).txt",100
"101. Madagascar - DomViol - French.txt",101
"102. Malawi - DomViol - English.txt",102
"103. Malaysia - DomViol - English (a) - html.txt",103
"103. Malaysia - DomViol - English (b).txt",103
"104. Maldives - DomViol - English.txt",104
"105. Mali - DomViol - French.txt",105
"106. Malta - DomViol - English (a).txt",106
"106. Malta - DomViol - English (b).txt",106
"107. Marshall Islands - DomViol - English.txt",107
"109. Mauritius - DomViol - English (a).txt",109
"109. Mauritius - DomViol - English (b).txt",109
"11. Bahamas - DomViol - English.txt",11
"110. Mexico - DomViol - Spanish.txt",110
"111. Micronesia - DomViol - English.txt",111
"112. Moldova - DomViol - Romanian.txt",112
"113. Mongolia - DomViol - English (a).txt",113
"113. Mongolia - DomViol - English (b).txt",113
"114. Montenegro - DomViol - Bosnian (a).txt",114
"114. Montenegro - DomViol - Bosnian (b) - html.txt",114
"115. Morocco - DomViol - Arabic.txt",115
"116. Mozambique - DomViol - Portuguese (a).txt",116
"116. Mozambique - DomViol - Portuguese (b).txt",116
"118. Namibia - DomViol - English.txt",118
"119. Nepal - DomViol - English (a).txt",119
"119. Nepal - DomViol - English (b) - html.txt",119
"12. Bahrain - DomViol - English.txt",12
"120. Netherlands - DomViol - Dutch (a) - html.txt",120
"120. Netherlands - DomViol - Dutch (b) - html.txt",120
"121. New Zealand - DomViol - English.txt",121
"122. Nicaragua - DomViol - Spanish (a).txt",122
"122. Nicaragua - DomViol - Spanish (b).txt",122
"124. Nigeria - DomViol - English.txt",124
"125. North Macedonia - DomViol - Macedonian.txt",125
"126. Norway - DomViol - Norwegian - html.txt",126
"128. Pakistan - DomViol - English.txt",128
"129. Palau - DomViol - English.txt",129
"13. Bangladesh - DomViol - English.txt",13
"130. Panama - DomViol - Spanish (a).txt",130
"130. Panama - DomViol - Spanish (b) - html.txt",130
"131. Papua New Guinea - DomViol - English.txt",131
"132. Paraguay - DomViol - Spanish.txt",132
"133. Peru - DomViol - Spanish.txt",133
"134. Philippines - DomViol - English - html.txt",134
"135. Poland - DomViol - English (a).txt",135
"135. Poland - DomViol - Polish (b).txt",135
"136. Portugal - DomViol - Potuguese.txt",136
"137. Puerto Rico - DomViol - Spanish.txt",137
"139. Romania - DomViol - Romanian - html.txt",139
"14. Barbados - DomViol - English.txt",14
"141. Rwanda - DomViol - Kinyarwanda.txt",141
"142. Samoa - DomViol - English.txt",142
"143. San Marino - DomViol - Italian (a).txt",143
"143. San Marino - DomViol - Italian (b).txt",143
"144. Saudi Arabia - DomViol - English.txt",144
"145. Senegal - DomViol - French.txt",145
"146. Serbia - DomViol - Bosnian (a) - html.txt",146
"146. Serbia - DomViol - Bosnian (b).txt",146
"147. Seychelles - DomViol - English.txt",147
"148. Sierra Leone - DomViol - English.txt",148
"149. Singapore - DomViol - English - html.txt",149
"15. Belarus - DomViol - Russian - html.txt",15
"150. Slovak Republic - DomViol - Slovak - html.txt",150
"151. Slovenia - DomViol - Slovenian (a).txt",151
"151. Slovenia - DomViol - Slovenian (b).txt",151
"151. Slovenia - DomViol - Slovenian (c) - html.txt",151
"152. Solomon Islands - DomViol - English.txt",152
"154. South Africa - DomViol - English.txt",154
"156. Spain - DomViol - Spanish (a).txt",156
"156. Spain - DomViol - Spanish (b).txt",156
"157. Sri Lanka - DomViol - English.txt",157
"158. St. Kitts and Nevis - DomViol - English.txt",158
"159. St. Lucia - DomViol - English.txt",159
"16. Belgium - DomViol - French (a).txt",16
"16. Belgium - DomViol - French (b).txt",16
"160. St. Vincent and and the Grenadines - DomViol - English.txt",160
"164. Switzerland - DomViol - French.txt",164
"167. Taiwan - DomViol - English - html.txt",167
"168. Tajikistan - DomViol - English.txt",168
"17. Belize - DomViol - English.txt",17
"170. Thailand - DomViol - Thai.txt",170
"171. Timor-Leste - DomViol - Portuguese (a) - html.txt",171
"171. Timor-Leste - DomViol - Portuguese (b).txt",171
"172. Togo - DomViol - French.txt",172
"173. Tonga - DomViol - English.txt",173
"174. Trinidad and Tobago - DomViol - English.txt",174
"175. Tunisia - DomViol - French.txt",175
"176. Turkiye - DomViol - Turkish (a).txt",176
"176. Turkiye - DomViol - Turkish (b).txt",176
"177. Uganda - DomViol - English.txt",177
"178. Ukraine - DomViol - Ukrainian (a) - html.txt",178
"178. Ukraine - DomViol - Ukrainian (b) - html.txt",178
"179. United Arab Emirates - DomViol - English.txt",179
"18. Benin - DomViol - French.txt",18
"180. United Kingdom - DomViol - English (a).txt",180
"180. United Kingdom - DomViol - English (b).txt",180
"180. United Kingdom - DomViol - English (c).txt",180
"181. United States - DomViol - English (a).txt",181
"181. United States - DomViol - English (b).txt",181
"182. Uruguay - DomViol - Spanish (a) - html.txt",182
"182. Uruguay - DomViol - Spanish (b) - html.txt",182
"183. Uzbekistan - DomViol - English (a).txt",183
"183. Uzbekistan - DomViol - Russian (b).txt",183
"184. Vanuatu - DomViol - English.txt",184
"185. Venezuela - DomViol - Spanish (a).txt",185
"185. Venezuela - DomViol - Spanish (b).txt",185
"186. Viet Nam - DomViol - English (a).txt",186
"186. Viet Nam - DomViol - English (b).txt",186
"189. Zambia - DomViol - English.txt",189
"19. Bhutan - DomViol - Bhutanese.txt",19
"190. Zimbabwe - DomViol - English.txt",190
"2. Albania - DomViol - Albanian (a).txt",2
"2. Albania - DomViol - Albanian (b).txt",2
"20. Bolivia - DomViol - Spanish (a) - html.txt",20
"20. Bolivia - DomViol - Spanish (b) - html.txt",20
"20. Bolivia - DomViol - Spanish (c) - html.txt",20
"21. Bosnia and Herzegovina - DomViol - Bosnian (a) - html.txt",21
"21. Bosnia and Herzegovina - DomViol - Bosnian (b).txt",21
"22. Botswana - DomViol - English.txt",22
"23. Brazil - DomViol - Portuguese - html.txt",23
"24. Brunei Darussalam - DomViol - English.txt",24
"25. Bulgaria - DomViol - Bulgarian (a) - html.txt",25
"25. Bulgaria - DomViol - Bulgarian (b) - html.txt",25
"26. Burkina Faso - DomViol - French.txt",26
"27. Burundi - DomViol - French.txt",27
"28. Cabo Verde - DomViol - Portuguese.txt",28
"29. Cambodia - DomViol - English (a).txt",29
"29. Cambodia - DomViol - English (b).txt",29
"3. Algeria - DomViol - French.txt",3
"31. Canada - DomViol - English (a).txt",31
"31. Canada - DomViol - English (b) - html.txt",31
"32. Central African Republic - DomViol - French.txt",32
"33. Chad - DomViol - French (a).txt",33
"33. Chad - DomViol - French (b).txt",33
"34. Chile - DomViol - Spanish.txt",34
"35. China - DomViol - Chinese (b) - html.txt",35
"35. China - DomViol - English (a).txt",35
"35. China - DomViol - English (c).txt",35
"36. Colombia - DomViol - Spanish.txt",36
"39. Congo, Rep - DomViol - French.txt",39
"4. Angola - DomViol - Portuguese.txt",4
"40. Costa Rica - DomViol - Spanish (a) - html.txt",40
"40. Costa Rica - DomViol - Spanish (b) - html.txt",40
"41. Cote dIvoire - DomViol - French.txt",41
"42. Croatia - DomViol - Croatian (a) - html.txt",42
"42. Croatia - DomViol - Croatian (b) - html.txt",42
"43. Cyprus - DomViol - Greek (a) - html.txt",43
"43. Cyprus - DomViol - Greek (b).txt",43
"44. Czechia - DomViol - Czech (a) - html.txt",44
"44. Czechia - DomViol - Czech (b) - html.txt",44
"44. Czechia - DomViol - Czech (c) - html.txt",44
"44. Czechia - DomViol - Czech (d) - html.txt",44
"45. Denmark - DomViol - Danish (a).txt",45
"45. Denmark - DomViol - Danish (b).txt",45
"46. Djibouti - DomViol - French.txt",46
"47. Dominica - DomViol - English (a).txt",47
"47. Dominica - DomViol - English (b).txt",47
"48. Dominican Republic - DomViol - Spanish.txt",48
"49. Ecuador - DomViol - Spanish (a).txt",49
"49. Ecuador - DomViol - Spanish (b).txt",49
"5. Antigua and  Barbuda - DomViol - English.txt",5
"50. Egypt - DomViol - Arabic.txt",50
"51. El Salvador - DomViol - Spanish (a).txt",51
"51. El Salvador - DomViol - Spanish (b).txt",51
"54. Estonia - DomViol - Estonian.txt",54
"55. Eswatini - DomViol - English.txt",55
"56. Ethiopia - DomViol - English.txt",56
"57. Fiji - DomViol - English - html.txt",57
"58. Finland - DomViol - Swedish.txt",58
"59. France - DomViol - French - html.txt",59
"6. Argentina - DomViol - Spanish (a) - html.txt",6
"6. Argentina - DomViol - Spanish (b) - html.txt",6
"60. Gabon - DomViol - French.txt",60
"61. Gambia - DomViol - English.txt",61
"62. Georgia - DomViol - Georgian.txt",62
"63. Germany - DomViol - German.txt",63
"64. Ghana - DomViol - English.txt",64
"65. Greece - DomViol - Greek.txt",65
"66. Grenada - DomViol - English.txt",66
"67. Guatemala - DomViol - Spanish (a).txt",67
"67. Guatemala - DomViol - Spanish (b).txt",67
"7. Armenia - DomViol - Armenian.txt",7
"7. Armenia - DomViol - English (a).txt",7
"7. Armenia - DomViol - English (b).txt",7
"70. Guyana - DomViol - English.txt",70
"72. Honduras - DomViol - Spanish (a).txt",72
"72. Honduras - DomViol - Spanish (b).txt",72
"72. Honduras - DomViol - Spanish (c).txt",72
"73. Hong Kong - DomViol - English - html.txt",73
"74. Hungary - DomViol - Hungarian (a).txt",74
"74. Hungary - DomViol - Hungarian (b) - html.txt",74
"75. Iceland - DomViol - Icelandic (a).txt",75
"75. Iceland - DomViol - Icelandic (b).txt",75
"76. India - DomViol - English.txt",76
"77. Indonesia - DomViol - English.txt",77
"8. Australia - DomViol - English (a).txt",8
"8. Australia - DomViol - English (b1).txt",8
"8. Australia - DomViol - English (b2).txt",8
"80. Ireland - DomViol - English.txt",80
"81. Israel - DomViol - Hebrew.txt",81
"82. Italy - DomViol - English (c).txt",82
"82. Italy - DomViol - Italian (a) - html.txt",82
"82. Italy - DomViol - Italian (b) - html.txt",82
"82. Italy - DomViol - Italian (d) - html.txt",82
"82. Italy - DomViol - Italian (e) - html.txt",82
"83. Jamaica - DomViol - English (a).txt",83
"83. Jamaica - DomViol - English (b).txt",83
"84. Japan - DomViol - Japanese.txt",84
"85. Jordan - DomViol - English.txt",85
"86. Kazakhstan - DomViol - Russian - html.txt",86
"87. Kenya - DomViol - English.txt",87
"88. Kiribati - DomViol - English - html.txt",88
"88. Kiribati - DomViol - English.txt",88
"89. Korea - DomViol - Korean - html.txt",89
"9. Austria - DomViol - English.txt",9
"90. Kosovo - DomViol - Albanian.txt",90
"92. Kyrgyz Republic - DomViol - Russian.txt",92
"93. Lao PDR - DomViol - English (a).txt",93
"93. Lao PDR - DomViol - English (b).txt",93
"94. Latvia - DomViol - Latvian (a).txt",94
"94. Latvia - DomViol - Latvian (b).txt",94
"95. Lebanon - DomViol - English (b).txt",95
"96. Lesotho - DomViol - English.txt",96
"97. Liberia - DomViol - English.txt",97
"99. Lithuania - DomViol - Lithuanian (a).txt",99
"99. Lithuania - DomViol - Lithuanian (b).txt",99
"file_list.csv",file_list
