fullname,filename,indicator_id,indicator_value,dimension,match_status,value
,SULAWESI_SELATAN_LUWU_TIMUR_v2.txt,1.1,,scope_of_violence,llm_only,
,SULAWESI_SELATAN_LUWU_TIMUR_v2.txt,1.10,,scope_of_violence,llm_only,
,SULAWESI_SELATAN_LUWU_TIMUR_v2.txt,1.2,,scope_of_violence,llm_only,
,SULAWESI_SELATAN_LUWU_TIMUR_v2.txt,1.3,,scope_of_violence,llm_only,
,SULAWESI_SELATAN_LUWU_TIMUR_v2.txt,1.4,,scope_of_violence,llm_only,
,SULAWESI_SELATAN_LUWU_TIMUR_v2.txt,1.5,,scope_of_violence,llm_only,
,SULAWESI_SELATAN_LUWU_TIMUR_v2.txt,1.6,,scope_of_violence,llm_only,
,SULAWESI_SELATAN_LUWU_TIMUR_v2.txt,1.7,,scope_of_violence,llm_only,
,SULAWESI_SELATAN_LUWU_TIMUR_v2.txt,1.8,,scope_of_violence,llm_only,
,SULAWESI_SELATAN_LUWU_TIMUR_v2.txt,1.9,,scope_of_violence,llm_only,
,SULAWESI_SELATAN_LUWU_TIMUR_v2.txt,2.1,,institutional_mechanism,llm_only,
,SULAWESI_SELATAN_LUWU_TIMUR_v2.txt,2.2,,institutional_mechanism,llm_only,
,SULAWESI_SELATAN_LUWU_TIMUR_v2.txt,2.3,,institutional_mechanism,llm_only,
,SULAWESI_SELATAN_LUWU_TIMUR_v2.txt,2.4,,institutional_mechanism,llm_only,
,SULAWESI_SELATAN_LUWU_TIMUR_v2.txt,2.5,,institutional_mechanism,llm_only,
,SULAWESI_SELATAN_LUWU_TIMUR_v2.txt,2.6,,institutional_mechanism,llm_only,
,SULAWESI_SELATAN_LUWU_TIMUR_v2.txt,3.1,,specialised_support_services,llm_only,
,SULAWESI_SELATAN_LUWU_TIMUR_v2.txt,3.10,,specialised_support_services,llm_only,
,SULAWESI_SELATAN_LUWU_TIMUR_v2.txt,3.2,,specialised_support_services,llm_only,
,SULAWESI_SELATAN_LUWU_TIMUR_v2.txt,3.3,,specialised_support_services,llm_only,
,SULAWESI_SELATAN_LUWU_TIMUR_v2.txt,3.4,,specialised_support_services,llm_only,
,SULAWESI_SELATAN_LUWU_TIMUR_v2.txt,3.5,,specialised_support_services,llm_only,
,SULAWESI_SELATAN_LUWU_TIMUR_v2.txt,3.6,,specialised_support_services,llm_only,
,SULAWESI_SELATAN_LUWU_TIMUR_v2.txt,3.7,,specialised_support_services,llm_only,
,SULAWESI_SELATAN_LUWU_TIMUR_v2.txt,3.8,,specialised_support_services,llm_only,
,SULAWESI_SELATAN_LUWU_TIMUR_v2.txt,3.9,,specialised_support_services,llm_only,
,SULAWESI_SELATAN_LUWU_TIMUR_v2.txt,4.1,,primary_prevention,llm_only,
,SULAWESI_SELATAN_LUWU_TIMUR_v2.txt,4.2,,primary_prevention,llm_only,
,SULAWESI_SELATAN_LUWU_TIMUR_v2.txt,4.3,,primary_prevention,llm_only,
,SULAWESI_SELATAN_LUWU_TIMUR_v2.txt,4.4,,primary_prevention,llm_only,
,SULAWESI_SELATAN_LUWU_TIMUR_v2.txt,5.1,,stakeholder_engagement,llm_only,
,SULAWESI_SELATAN_LUWU_TIMUR_v2.txt,5.2,,stakeholder_engagement,llm_only,
,SULAWESI_SELATAN_LUWU_TIMUR_v2.txt,5.3,,stakeholder_engagement,llm_only,
,SULAWESI_SELATAN_LUWU_TIMUR_v2.txt,5.4,,stakeholder_engagement,llm_only,
,SULAWESI_SELATAN_LUWU_TIMUR_v2.txt,5.5,,stakeholder_engagement,llm_only,
,SULAWESI_SELATAN_LUWU_TIMUR_v2.txt,5.6,,stakeholder_engagement,llm_only,
,SULAWESI_SELATAN_LUWU_TIMUR_v2.txt,5.7,,stakeholder_engagement,llm_only,
,SULAWESI_SELATAN_LUWU_TIMUR_v2.txt,5.8,,stakeholder_engagement,llm_only,
,SULAWESI_SELATAN_LUWU_TIMUR_v2.txt,6.1,,intersectional_approach,llm_only,
,SULAWESI_SELATAN_LUWU_TIMUR_v2.txt,6.10,,intersectional_approach,llm_only,
,SULAWESI_SELATAN_LUWU_TIMUR_v2.txt,6.11,,intersectional_approach,llm_only,
,SULAWESI_SELATAN_LUWU_TIMUR_v2.txt,6.12,,intersectional_approach,llm_only,
,SULAWESI_SELATAN_LUWU_TIMUR_v2.txt,6.13,,intersectional_approach,llm_only,
,SULAWESI_SELATAN_LUWU_TIMUR_v2.txt,6.2,,intersectional_approach,llm_only,
,SULAWESI_SELATAN_LUWU_TIMUR_v2.txt,6.3,,intersectional_approach,llm_only,
,SULAWESI_SELATAN_LUWU_TIMUR_v2.txt,6.4,,intersectional_approach,llm_only,
,SULAWESI_SELATAN_LUWU_TIMUR_v2.txt,6.5,,intersectional_approach,llm_only,
,SULAWESI_SELATAN_LUWU_TIMUR_v2.txt,6.6,,intersectional_approach,llm_only,
,SULAWESI_SELATAN_LUWU_TIMUR_v2.txt,6.7,,intersectional_approach,llm_only,
,SULAWESI_SELATAN_LUWU_TIMUR_v2.txt,6.8,,intersectional_approach,llm_only,
,SULAWESI_SELATAN_LUWU_TIMUR_v2.txt,6.9,,intersectional_approach,llm_only,
,SULAWESI_SELATAN_LUWU_TIMUR_v2.txt,7.1,,budget_funding_sources,llm_only,
,SULAWESI_SELATAN_LUWU_TIMUR_v2.txt,7.2,,budget_funding_sources,llm_only,
,SULAWESI_SELATAN_LUWU_TIMUR_v2.txt,7.3,,budget_funding_sources,llm_only,
,SULAWESI_SELATAN_LUWU_TIMUR_v2.txt,7.4,,budget_funding_sources,llm_only,
,SULAWESI_SELATAN_LUWU_TIMUR_v2.txt,7.5,,budget_funding_sources,llm_only,
