ADM2_EN,ADM2_PCODE,ADM2_REF,ADM2ALT1_EN,ADM2ALT2_EN,ADM1_EN,ADM1_PCODE,ADM0_EN,ADM0_PCODE,DATE,VALIDON,VALIDTO,AREA_SQKM
Aceh Barat,ID1107,,,,Aceh,ID11,Indonesia,ID,2019-12-20 00:00:00,2020-04-01 00:00:00,,2810.080351
Aceh Barat Daya,ID1112,,,,Aceh,ID11,Indonesia,ID,2019-12-20 00:00:00,2020-04-01 00:00:00,,1893.153397
Aceh Besar,ID1108,,,,Aceh,ID11,Indonesia,ID,2019-12-20 00:00:00,2020-04-01 00:00:00,,2897.326665
Aceh Jaya,ID1116,,,,Aceh,ID11,Indonesia,ID,2019-12-20 00:00:00,2020-04-01 00:00:00,,3878.163271
Aceh Selatan,ID1103,,,,Aceh,ID11,Indonesia,ID,2019-12-20 00:00:00,2020-04-01 00:00:00,,4216.151612
Aceh Singkil,ID1102,,,,Aceh,ID11,Indonesia,ID,2019-12-20 00:00:00,2020-04-01 00:00:00,,1887.170332
Aceh Tamiang,ID1114,,,,Aceh,ID11,Indonesia,ID,2019-12-20 00:00:00,2020-04-01 00:00:00,,2143.06295
Aceh Tengah,ID1106,,,,Aceh,ID11,Indonesia,ID,2019-12-20 00:00:00,2020-04-01 00:00:00,,4706.021146
Aceh Tenggara,ID1104,,,,Aceh,ID11,Indonesia,ID,2019-12-20 00:00:00,2020-04-01 00:00:00,,4146.757038
Aceh Timur,ID1105,,,,Aceh,ID11,Indonesia,ID,2019-12-20 00:00:00,2020-04-01 00:00:00,,5440.52259
Aceh Utara,ID1111,,,,Aceh,ID11,Indonesia,ID,2019-12-20 00:00:00,2020-04-01 00:00:00,,2710.325839
Agam,ID1307,,,,Sumatera Barat,ID13,Indonesia,ID,2019-12-20 00:00:00,2020-04-01 00:00:00,,2237.90982
Alor,ID5307,,,,Nusa Tenggara Timur,ID53,Indonesia,ID,2019-12-20 00:00:00,2020-04-01 00:00:00,,2943.882567
Asahan,ID1208,,,,Sumatera Utara,ID12,Indonesia,ID,2019-12-20 00:00:00,2020-04-01 00:00:00,,3781.146416
Asmat,ID9415,,,,Papua,ID94,Indonesia,ID,2019-12-20 00:00:00,2020-04-01 00:00:00,,25024.53188
Badung,ID5103,,,,Bali,ID51,Indonesia,ID,2019-12-20 00:00:00,2020-04-01 00:00:00,,394.9666328
Balangan,ID6311,,,,Kalimantan Selatan,ID63,Indonesia,ID,2019-12-20 00:00:00,2020-04-01 00:00:00,,1902.373856
Bandung,ID3204,,,,Jawa Barat,ID32,Indonesia,ID,2019-12-20 00:00:00,2020-04-01 00:00:00,,1754.466149
Bandung Barat,ID3217,,,,Jawa Barat,ID32,Indonesia,ID,2019-12-20 00:00:00,2020-04-01 00:00:00,,1276.939096
Banggai,ID7202,,,,Sulawesi Tengah,ID72,Indonesia,ID,2019-12-20 00:00:00,2020-04-01 00:00:00,,8319.512086
Banggai Kepulauan,ID7201,,,,Sulawesi Tengah,ID72,Indonesia,ID,2019-12-20 00:00:00,2020-04-01 00:00:00,,2364.98145
Banggai Laut,ID7211,,,,Sulawesi Tengah,ID72,Indonesia,ID,2019-12-20 00:00:00,2020-04-01 00:00:00,,683.8647447
Bangka,ID1901,,,,Kepulauan Bangka Belitung,ID19,Indonesia,ID,2019-12-20 00:00:00,2020-04-01 00:00:00,,3016.294001
Bangka Barat,ID1903,,,,Kepulauan Bangka Belitung,ID19,Indonesia,ID,2019-12-20 00:00:00,2020-04-01 00:00:00,,2887.534864
Bangka Selatan,ID1905,,,,Kepulauan Bangka Belitung,ID19,Indonesia,ID,2019-12-20 00:00:00,2020-04-01 00:00:00,,3706.373007
Bangka Tengah,ID1904,,,,Kepulauan Bangka Belitung,ID19,Indonesia,ID,2019-12-20 00:00:00,2020-04-01 00:00:00,,2125.704017
Bangkalan,ID3526,,,,Jawa Timur,ID35,Indonesia,ID,2019-12-20 00:00:00,2020-04-01 00:00:00,,1303.318896
Bangli,ID5106,,,,Bali,ID51,Indonesia,ID,2019-12-20 00:00:00,2020-04-01 00:00:00,,523.3115135
Banjar,ID6303,,,,Kalimantan Selatan,ID63,Indonesia,ID,2019-12-20 00:00:00,2020-04-01 00:00:00,,4725.111375
Banjarnegara,ID3304,,,,Jawa Tengah,ID33,Indonesia,ID,2019-12-20 00:00:00,2020-04-01 00:00:00,,1149.186781
Bantaeng,ID7303,,,,Sulawesi Selatan,ID73,Indonesia,ID,2019-12-20 00:00:00,2020-04-01 00:00:00,,398.8406624
Bantul,ID3402,,,,Daerah Istimewa Yogyakarta,ID34,Indonesia,ID,2019-12-20 00:00:00,2020-04-01 00:00:00,,515.6310157
Banyu Asin,ID1607,,,,Sumatera Selatan,ID16,Indonesia,ID,2019-12-20 00:00:00,2020-04-01 00:00:00,,11103.64328
Banyumas,ID3302,,,,Jawa Tengah,ID33,Indonesia,ID,2019-12-20 00:00:00,2020-04-01 00:00:00,,1389.831326
Banyuwangi,ID3510,,,,Jawa Timur,ID35,Indonesia,ID,2019-12-20 00:00:00,2020-04-01 00:00:00,,3603.001915
Barito Kuala,ID6304,,,,Kalimantan Selatan,ID63,Indonesia,ID,2019-12-20 00:00:00,2020-04-01 00:00:00,,2379.748344
Barito Selatan,ID6204,,,,Kalimantan Tengah,ID62,Indonesia,ID,2019-12-20 00:00:00,2020-04-01 00:00:00,,6633.739243
Barito Timur,ID6212,,,,Kalimantan Tengah,ID62,Indonesia,ID,2019-12-20 00:00:00,2020-04-01 00:00:00,,3292.743088
Barito Utara,ID6205,,,,Kalimantan Tengah,ID62,Indonesia,ID,2019-12-20 00:00:00,2020-04-01 00:00:00,,9934.4193
Barru,ID7310,,,,Sulawesi Selatan,ID73,Indonesia,ID,2019-12-20 00:00:00,2020-04-01 00:00:00,,1188.671456
Batang,ID3325,,,,Jawa Tengah,ID33,Indonesia,ID,2019-12-20 00:00:00,2020-04-01 00:00:00,,859.2568544
Batang Hari,ID1504,,,,Jambi,ID15,Indonesia,ID,2019-12-20 00:00:00,2020-04-01 00:00:00,,5463.88708
Batu Bara,ID1219,,,,Sumatera Utara,ID12,Indonesia,ID,2019-12-20 00:00:00,2020-04-01 00:00:00,,912.7763208
Bekasi,ID3216,,,,Jawa Barat,ID32,Indonesia,ID,2019-12-20 00:00:00,2020-04-01 00:00:00,,1267.887834
Belitung,ID1902,,,,Kepulauan Bangka Belitung,ID19,Indonesia,ID,2019-12-20 00:00:00,2020-04-01 00:00:00,,2311.694424
Belitung Timur,ID1906,,,,Kepulauan Bangka Belitung,ID19,Indonesia,ID,2019-12-20 00:00:00,2020-04-01 00:00:00,,2554.175583
Belu,ID5306,,,,Nusa Tenggara Timur,ID53,Indonesia,ID,2019-12-20 00:00:00,2020-04-01 00:00:00,,1123.20021
Bener Meriah,ID1117,,,,Aceh,ID11,Indonesia,ID,2019-12-20 00:00:00,2020-04-01 00:00:00,,1931.730503
Bengkalis,ID1408,,,,Riau,ID14,Indonesia,ID,2019-12-20 00:00:00,2020-04-01 00:00:00,,8508.707629
Bengkayang,ID6102,,,,Kalimantan Barat,ID61,Indonesia,ID,2019-12-20 00:00:00,2020-04-01 00:00:00,,5632.738836
Bengkulu Selatan,ID1701,,,,Bengkulu,ID17,Indonesia,ID,2019-12-20 00:00:00,2020-04-01 00:00:00,,1227.058129
Bengkulu Tengah,ID1709,,,,Bengkulu,ID17,Indonesia,ID,2019-12-20 00:00:00,2020-04-01 00:00:00,,1044.951063
Bengkulu Utara,ID1703,,,,Bengkulu,ID17,Indonesia,ID,2019-12-20 00:00:00,2020-04-01 00:00:00,,4434.976242
Berau,ID6405,,,,Kalimantan Timur,ID64,Indonesia,ID,2019-12-20 00:00:00,2020-04-01 00:00:00,,22530.62343
Biak Numfor,ID9409,,,,Papua,ID94,Indonesia,ID,2019-12-20 00:00:00,2020-04-01 00:00:00,,2252.253221
Bima,ID5206,,,,Nusa Tenggara Barat,ID52,Indonesia,ID,2019-12-20 00:00:00,2020-04-01 00:00:00,,4208.850004
Bintan,ID2102,,,,Kepulauan Riau,ID21,Indonesia,ID,2019-12-20 00:00:00,2020-04-01 00:00:00,,1336.200141
Bireuen,ID1110,,,,Aceh,ID11,Indonesia,ID,2019-12-20 00:00:00,2020-04-01 00:00:00,,1791.115139
Blitar,ID3505,,,,Jawa Timur,ID35,Indonesia,ID,2019-12-20 00:00:00,2020-04-01 00:00:00,,1754.036117
Blora,ID3316,,,,Jawa Tengah,ID33,Indonesia,ID,2019-12-20 00:00:00,2020-04-01 00:00:00,,1948.760931
Boalemo,ID7501,,,,Gorontalo,ID75,Indonesia,ID,2019-12-20 00:00:00,2020-04-01 00:00:00,,1840.113411
Bogor,ID3201,,,,Jawa Barat,ID32,Indonesia,ID,2019-12-20 00:00:00,2020-04-01 00:00:00,,2993.320428
Bojonegoro,ID3522,,,,Jawa Timur,ID35,Indonesia,ID,2019-12-20 00:00:00,2020-04-01 00:00:00,,2313.908818
Bolaang Mongondow,ID7101,,,,Sulawesi Utara,ID71,Indonesia,ID,2019-12-20 00:00:00,2020-04-01 00:00:00,,3237.57425
Bolaang Mongondow Selatan,ID7110,,,,Sulawesi Utara,ID71,Indonesia,ID,2019-12-20 00:00:00,2020-04-01 00:00:00,,1800.085945
Bolaang Mongondow Timur,ID7111,,,,Sulawesi Utara,ID71,Indonesia,ID,2019-12-20 00:00:00,2020-04-01 00:00:00,,878.8342605
Bolaang Mongondow Utara,ID7107,,,,Sulawesi Utara,ID71,Indonesia,ID,2019-12-20 00:00:00,2020-04-01 00:00:00,,1675.267058
Bombana,ID7406,,,,Sulawesi Tenggara,ID74,Indonesia,ID,2019-12-20 00:00:00,2020-04-01 00:00:00,,3334.05357
Bondowoso,ID3511,,,,Jawa Timur,ID35,Indonesia,ID,2019-12-20 00:00:00,2020-04-01 00:00:00,,1555.440576
Bone,ID7311,,,,Sulawesi Selatan,ID73,Indonesia,ID,2019-12-20 00:00:00,2020-04-01 00:00:00,,4598.264251
Bone Bolango,ID7504,,,,Gorontalo,ID75,Indonesia,ID,2019-12-20 00:00:00,2020-04-01 00:00:00,,1900.88288
Boven Digoel,ID9413,,,,Papua,ID94,Indonesia,ID,2019-12-20 00:00:00,2020-04-01 00:00:00,,23653.98207
Boyolali,ID3309,,,,Jawa Tengah,ID33,Indonesia,ID,2019-12-20 00:00:00,2020-04-01 00:00:00,,1087.705502
Brebes,ID3329,,,,Jawa Tengah,ID33,Indonesia,ID,2019-12-20 00:00:00,2020-04-01 00:00:00,,1754.378681
Buleleng,ID5108,,,,Bali,ID51,Indonesia,ID,2019-12-20 00:00:00,2020-04-01 00:00:00,,1310.291156
Bulukumba,ID7302,,,,Sulawesi Selatan,ID73,Indonesia,ID,2019-12-20 00:00:00,2020-04-01 00:00:00,,1165.753228
Bulungan,ID6502,,,,Kalimantan Utara,ID65,Indonesia,ID,2019-12-20 00:00:00,2020-04-01 00:00:00,,12711.14156
Bungo,ID1509,,,,Jambi,ID15,Indonesia,ID,2019-12-20 00:00:00,2020-04-01 00:00:00,,4692.868833
Buol,ID7207,,,,Sulawesi Tengah,ID72,Indonesia,ID,2019-12-20 00:00:00,2020-04-01 00:00:00,,3864.732151
Buru,ID8104,,,,Maluku,ID81,Indonesia,ID,2019-12-20 00:00:00,2020-04-01 00:00:00,,4459.1969
Buru Selatan,ID8109,,,,Maluku,ID81,Indonesia,ID,2019-12-20 00:00:00,2020-04-01 00:00:00,,4140.543455
Buton,ID7401,,,,Sulawesi Tenggara,ID74,Indonesia,ID,2019-12-20 00:00:00,2020-04-01 00:00:00,,1653.575349
Buton Selatan,ID7415,,,,Sulawesi Tenggara,ID74,Indonesia,ID,2019-12-20 00:00:00,2020-04-01 00:00:00,,539.6936709
Buton Tengah,ID7414,,,,Sulawesi Tenggara,ID74,Indonesia,ID,2019-12-20 00:00:00,2020-04-01 00:00:00,,846.1564924
Buton Utara,ID7409,,,,Sulawesi Tenggara,ID74,Indonesia,ID,2019-12-20 00:00:00,2020-04-01 00:00:00,,1664.231109
Ciamis,ID3207,,,,Jawa Barat,ID32,Indonesia,ID,2019-12-20 00:00:00,2020-04-01 00:00:00,,1593.409462
Cianjur,ID3203,,,,Jawa Barat,ID32,Indonesia,ID,2019-12-20 00:00:00,2020-04-01 00:00:00,,3592.529881
Cilacap,ID3301,,,,Jawa Tengah,ID33,Indonesia,ID,2019-12-20 00:00:00,2020-04-01 00:00:00,,2345.170647
Cirebon,ID3209,,,,Jawa Barat,ID32,Indonesia,ID,2019-12-20 00:00:00,2020-04-01 00:00:00,,1068.344565
Dairi,ID1210,,,,Sumatera Utara,ID12,Indonesia,ID,2019-12-20 00:00:00,2020-04-01 00:00:00,,1992.575732
Danau,ID1388,,,,Sumatera Barat,ID13,Indonesia,ID,2019-12-20 00:00:00,2020-04-01 00:00:00,,107.4819742
Danau,ID1688,,,,Sumatera Selatan,ID16,Indonesia,ID,2019-12-20 00:00:00,2020-04-01 00:00:00,,94.24416585
Danau,ID1888,,,,Lampung,ID18,Indonesia,ID,2019-12-20 00:00:00,2020-04-01 00:00:00,,28.90608679
Danau,ID7188,,,,Sulawesi Utara,ID71,Indonesia,ID,2019-12-20 00:00:00,2020-04-01 00:00:00,,53.42271671
Danau Toba,ID1288,,,,Sumatera Utara,ID12,Indonesia,ID,2019-12-20 00:00:00,2020-04-01 00:00:00,,1102.090632
Deiyai,ID9436,,,,Papua,ID94,Indonesia,ID,2019-12-20 00:00:00,2020-04-01 00:00:00,,1837.22485
Deli Serdang,ID1212,,,,Sumatera Utara,ID12,Indonesia,ID,2019-12-20 00:00:00,2020-04-01 00:00:00,,2593.970302
Demak,ID3321,,,,Jawa Tengah,ID33,Indonesia,ID,2019-12-20 00:00:00,2020-04-01 00:00:00,,1002.426331
Dharmasraya,ID1311,,,,Sumatera Barat,ID13,Indonesia,ID,2019-12-20 00:00:00,2020-04-01 00:00:00,,3017.018925
Dogiyai,ID9434,,,,Papua,ID94,Indonesia,ID,2019-12-20 00:00:00,2020-04-01 00:00:00,,4644.636065
Dompu,ID5205,,,,Nusa Tenggara Barat,ID52,Indonesia,ID,2019-12-20 00:00:00,2020-04-01 00:00:00,,2281.489747
Donggala,ID7205,,,,Sulawesi Tengah,ID72,Indonesia,ID,2019-12-20 00:00:00,2020-04-01 00:00:00,,4906.164045
Empat Lawang,ID1611,,,,Sumatera Selatan,ID16,Indonesia,ID,2019-12-20 00:00:00,2020-04-01 00:00:00,,2390.412108
Ende,ID5311,,,,Nusa Tenggara Timur,ID53,Indonesia,ID,2019-12-20 00:00:00,2020-04-01 00:00:00,,2067.76734
Enrekang,ID7316,,,,Sulawesi Selatan,ID73,Indonesia,ID,2019-12-20 00:00:00,2020-04-01 00:00:00,,1824.719397
Fakfak,ID9101,,,,Papua Barat,ID91,Indonesia,ID,2019-12-20 00:00:00,2020-04-01 00:00:00,,10986.93509
Flores Timur,ID5309,,,,Nusa Tenggara Timur,ID53,Indonesia,ID,2019-12-20 00:00:00,2020-04-01 00:00:00,,1748.275043
Garut,ID3205,,,,Jawa Barat,ID32,Indonesia,ID,2019-12-20 00:00:00,2020-04-01 00:00:00,,3089.222347
Gayo Lues,ID1113,,,,Aceh,ID11,Indonesia,ID,2019-12-20 00:00:00,2020-04-01 00:00:00,,5450.885182
Gianyar,ID5104,,,,Bali,ID51,Indonesia,ID,2019-12-20 00:00:00,2020-04-01 00:00:00,,365.4914028
Gorontalo,ID7502,,,,Gorontalo,ID75,Indonesia,ID,2019-12-20 00:00:00,2020-04-01 00:00:00,,2163.477358
Gorontalo Utara,ID7505,,,,Gorontalo,ID75,Indonesia,ID,2019-12-20 00:00:00,2020-04-01 00:00:00,,1700.190885
Gowa,ID7306,,,,Sulawesi Selatan,ID73,Indonesia,ID,2019-12-20 00:00:00,2020-04-01 00:00:00,,1804.884889
Gresik,ID3525,,,,Jawa Timur,ID35,Indonesia,ID,2019-12-20 00:00:00,2020-04-01 00:00:00,,1252.84426
Grobogan,ID3315,,,,Jawa Tengah,ID33,Indonesia,ID,2019-12-20 00:00:00,2020-04-01 00:00:00,,2030.276753
Gunung Kidul,ID3403,,,,Daerah Istimewa Yogyakarta,ID34,Indonesia,ID,2019-12-20 00:00:00,2020-04-01 00:00:00,,1474.236079
Gunung Mas,ID6211,,,,Kalimantan Tengah,ID62,Indonesia,ID,2019-12-20 00:00:00,2020-04-01 00:00:00,,10102.42194
Halmahera Barat,ID8201,,,,Maluku Utara,ID82,Indonesia,ID,2019-12-20 00:00:00,2020-04-01 00:00:00,,2176.590027
Halmahera Selatan,ID8204,,,,Maluku Utara,ID82,Indonesia,ID,2019-12-20 00:00:00,2020-04-01 00:00:00,,8154.721915
Halmahera Tengah,ID8202,,,,Maluku Utara,ID82,Indonesia,ID,2019-12-20 00:00:00,2020-04-01 00:00:00,,2265.326746
Halmahera Timur,ID8206,,,,Maluku Utara,ID82,Indonesia,ID,2019-12-20 00:00:00,2020-04-01 00:00:00,,6466.873316
Halmahera Utara,ID8205,,,,Maluku Utara,ID82,Indonesia,ID,2019-12-20 00:00:00,2020-04-01 00:00:00,,3477.619301
Hulu Sungai Selatan,ID6306,,,,Kalimantan Selatan,ID63,Indonesia,ID,2019-12-20 00:00:00,2020-04-01 00:00:00,,1697.040532
Hulu Sungai Tengah,ID6307,,,,Kalimantan Selatan,ID63,Indonesia,ID,2019-12-20 00:00:00,2020-04-01 00:00:00,,1663.067565
Hulu Sungai Utara,ID6308,,,,Kalimantan Selatan,ID63,Indonesia,ID,2019-12-20 00:00:00,2020-04-01 00:00:00,,890.5184123
Humbang Hasundutan,ID1215,,,,Sumatera Utara,ID12,Indonesia,ID,2019-12-20 00:00:00,2020-04-01 00:00:00,,2531.343066
Hutan,ID3399,,,,Jawa Tengah,ID33,Indonesia,ID,2019-12-20 00:00:00,2020-04-01 00:00:00,,18.92544642
Indragiri Hilir,ID1403,,,,Riau,ID14,Indonesia,ID,2019-12-20 00:00:00,2020-04-01 00:00:00,,13434.19071
Indragiri Hulu,ID1402,,,,Riau,ID14,Indonesia,ID,2019-12-20 00:00:00,2020-04-01 00:00:00,,8003.810421
Indramayu,ID3212,,,,Jawa Barat,ID32,Indonesia,ID,2019-12-20 00:00:00,2020-04-01 00:00:00,,2083.193297
Intan Jaya,ID9435,,,,Papua,ID94,Indonesia,ID,2019-12-20 00:00:00,2020-04-01 00:00:00,,4633.222074
Jayapura,ID9403,,,,Papua,ID94,Indonesia,ID,2019-12-20 00:00:00,2020-04-01 00:00:00,,14348.43525
Jayawijaya,ID9402,,,,Papua,ID94,Indonesia,ID,2019-12-20 00:00:00,2020-04-01 00:00:00,,2636.820937
Jember,ID3509,,,,Jawa Timur,ID35,Indonesia,ID,2019-12-20 00:00:00,2020-04-01 00:00:00,,3306.435504
Jembrana,ID5101,,,,Bali,ID51,Indonesia,ID,2019-12-20 00:00:00,2020-04-01 00:00:00,,853.456807
Jeneponto,ID7304,,,,Sulawesi Selatan,ID73,Indonesia,ID,2019-12-20 00:00:00,2020-04-01 00:00:00,,796.2481096
Jepara,ID3320,,,,Jawa Tengah,ID33,Indonesia,ID,2019-12-20 00:00:00,2020-04-01 00:00:00,,1022.960222
Jombang,ID3517,,,,Jawa Timur,ID35,Indonesia,ID,2019-12-20 00:00:00,2020-04-01 00:00:00,,1120.517775
Kaimana,ID9102,,,,Papua Barat,ID91,Indonesia,ID,2019-12-20 00:00:00,2020-04-01 00:00:00,,16155.58992
Kampar,ID1406,,,,Riau,ID14,Indonesia,ID,2019-12-20 00:00:00,2020-04-01 00:00:00,,10733.2841
Kapuas,ID6203,,,,Kalimantan Tengah,ID62,Indonesia,ID,2019-12-20 00:00:00,2020-04-01 00:00:00,,17298.48044
Kapuas Hulu,ID6108,,,,Kalimantan Barat,ID61,Indonesia,ID,2019-12-20 00:00:00,2020-04-01 00:00:00,,31118.31457
Karang Asem,ID5107,,,,Bali,ID51,Indonesia,ID,2019-12-20 00:00:00,2020-04-01 00:00:00,,839.9665453
Karanganyar,ID3313,,,,Jawa Tengah,ID33,Indonesia,ID,2019-12-20 00:00:00,2020-04-01 00:00:00,,803.7885239
Karawang,ID3215,,,,Jawa Barat,ID32,Indonesia,ID,2019-12-20 00:00:00,2020-04-01 00:00:00,,1914.192303
Karimun,ID2101,,,,Kepulauan Riau,ID21,Indonesia,ID,2019-12-20 00:00:00,2020-04-01 00:00:00,,921.5522579
Karo,ID1211,,,,Sumatera Utara,ID12,Indonesia,ID,2019-12-20 00:00:00,2020-04-01 00:00:00,,2176.217968
Katingan,ID6209,,,,Kalimantan Tengah,ID62,Indonesia,ID,2019-12-20 00:00:00,2020-04-01 00:00:00,,19401.81649
Kaur,ID1704,,,,Bengkulu,ID17,Indonesia,ID,2019-12-20 00:00:00,2020-04-01 00:00:00,,2541.245957
Kayong Utara,ID6111,,,,Kalimantan Barat,ID61,Indonesia,ID,2019-12-20 00:00:00,2020-04-01 00:00:00,,4619.247369
Kebumen,ID3305,,,,Jawa Tengah,ID33,Indonesia,ID,2019-12-20 00:00:00,2020-04-01 00:00:00,,1330.697826
Kediri,ID3506,,,,Jawa Timur,ID35,Indonesia,ID,2019-12-20 00:00:00,2020-04-01 00:00:00,,1522.985359
Keerom,ID9420,,,,Papua,ID94,Indonesia,ID,2019-12-20 00:00:00,2020-04-01 00:00:00,,9080.529458
Kendal,ID3324,,,,Jawa Tengah,ID33,Indonesia,ID,2019-12-20 00:00:00,2020-04-01 00:00:00,,1001.448414
Kepahiang,ID1708,,,,Bengkulu,ID17,Indonesia,ID,2019-12-20 00:00:00,2020-04-01 00:00:00,,705.6153888
Kepulauan Anambas,ID2105,,,,Kepulauan Riau,ID21,Indonesia,ID,2019-12-20 00:00:00,2020-04-01 00:00:00,,637.3767868
Kepulauan Aru,ID8105,,,,Maluku,ID81,Indonesia,ID,2019-12-20 00:00:00,2020-04-01 00:00:00,,8122.684908
Kepulauan Mentawai,ID1301,,,,Sumatera Barat,ID13,Indonesia,ID,2019-12-20 00:00:00,2020-04-01 00:00:00,,6000.678537
Kepulauan Meranti,ID1410,,,,Riau,ID14,Indonesia,ID,2019-12-20 00:00:00,2020-04-01 00:00:00,,3641.096281
Kepulauan Sangihe,ID7103,,,,Sulawesi Utara,ID71,Indonesia,ID,2019-12-20 00:00:00,2020-04-01 00:00:00,,599.7489457
Kepulauan Selayar,ID7301,,,,Sulawesi Selatan,ID73,Indonesia,ID,2019-12-20 00:00:00,2020-04-01 00:00:00,,1173.458321
Kepulauan Seribu,ID3101,,,,Dki Jakarta,ID31,Indonesia,ID,2019-12-20 00:00:00,2020-04-01 00:00:00,,10.78310451
Kepulauan Sula,ID8203,,,,Maluku Utara,ID82,Indonesia,ID,2019-12-20 00:00:00,2020-04-01 00:00:00,,1787.773953
Kepulauan Talaud,ID7104,,,,Sulawesi Utara,ID71,Indonesia,ID,2019-12-20 00:00:00,2020-04-01 00:00:00,,1013.354164
Kepulauan Yapen,ID9408,,,,Papua,ID94,Indonesia,ID,2019-12-20 00:00:00,2020-04-01 00:00:00,,2433.565012
Kerinci,ID1501,,,,Jambi,ID15,Indonesia,ID,2019-12-20 00:00:00,2020-04-01 00:00:00,,3401.914491
Ketapang,ID6106,,,,Kalimantan Barat,ID61,Indonesia,ID,2019-12-20 00:00:00,2020-04-01 00:00:00,,29743.9673
Klaten,ID3310,,,,Jawa Tengah,ID33,Indonesia,ID,2019-12-20 00:00:00,2020-04-01 00:00:00,,701.2801175
Klungkung,ID5105,,,,Bali,ID51,Indonesia,ID,2019-12-20 00:00:00,2020-04-01 00:00:00,,313.1175706
Kolaka,ID7404,,,,Sulawesi Tenggara,ID74,Indonesia,ID,2019-12-20 00:00:00,2020-04-01 00:00:00,,3076.034666
Kolaka Timur,ID7411,,,,Sulawesi Tenggara,ID74,Indonesia,ID,2019-12-20 00:00:00,2020-04-01 00:00:00,,3718.644784
Kolaka Utara,ID7408,,,,Sulawesi Tenggara,ID74,Indonesia,ID,2019-12-20 00:00:00,2020-04-01 00:00:00,,3250.610063
Konawe,ID7403,,,,Sulawesi Tenggara,ID74,Indonesia,ID,2019-12-20 00:00:00,2020-04-01 00:00:00,,5070.953928
Konawe Kepulauan,ID7412,,,,Sulawesi Tenggara,ID74,Indonesia,ID,2019-12-20 00:00:00,2020-04-01 00:00:00,,712.0786958
Konawe Selatan,ID7405,,,,Sulawesi Tenggara,ID74,Indonesia,ID,2019-12-20 00:00:00,2020-04-01 00:00:00,,4251.558097
Konawe Utara,ID7410,,,,Sulawesi Tenggara,ID74,Indonesia,ID,2019-12-20 00:00:00,2020-04-01 00:00:00,,4679.929526
Kota Ambon,ID8171,,,,Maluku,ID81,Indonesia,ID,2019-12-20 00:00:00,2020-04-01 00:00:00,,296.5852564
Kota Balikpapan,ID6471,,,,Kalimantan Timur,ID64,Indonesia,ID,2019-12-20 00:00:00,2020-04-01 00:00:00,,542.2333147
Kota Banda Aceh,ID1171,,,,Aceh,ID11,Indonesia,ID,2019-12-20 00:00:00,2020-04-01 00:00:00,,55.32819756
Kota Bandar Lampung,ID1871,,,,Lampung,ID18,Indonesia,ID,2019-12-20 00:00:00,2020-04-01 00:00:00,,175.8062738
Kota Bandung,ID3273,,,,Jawa Barat,ID32,Indonesia,ID,2019-12-20 00:00:00,2020-04-01 00:00:00,,168.0476978
Kota Banjar,ID3279,,,,Jawa Barat,ID32,Indonesia,ID,2019-12-20 00:00:00,2020-04-01 00:00:00,,130.4776084
Kota Banjar Baru,ID6372,,,,Kalimantan Selatan,ID63,Indonesia,ID,2019-12-20 00:00:00,2020-04-01 00:00:00,,323.401263
Kota Banjarmasin,ID6371,,,,Kalimantan Selatan,ID63,Indonesia,ID,2019-12-20 00:00:00,2020-04-01 00:00:00,,97.89456252
Kota Baru,ID6302,,,,Kalimantan Selatan,ID63,Indonesia,ID,2019-12-20 00:00:00,2020-04-01 00:00:00,,9173.90733
Kota Batam,ID2171,,,,Kepulauan Riau,ID21,Indonesia,ID,2019-12-20 00:00:00,2020-04-01 00:00:00,,1010.984012
Kota Batu,ID3579,,,,Jawa Timur,ID35,Indonesia,ID,2019-12-20 00:00:00,2020-04-01 00:00:00,,196.3173951
Kota Baubau,ID7472,,,,Sulawesi Tenggara,ID74,Indonesia,ID,2019-12-20 00:00:00,2020-04-01 00:00:00,,290.4224258
Kota Bekasi,ID3275,,,,Jawa Barat,ID32,Indonesia,ID,2019-12-20 00:00:00,2020-04-01 00:00:00,,214.0923272
Kota Bengkulu,ID1771,,,,Bengkulu,ID17,Indonesia,ID,2019-12-20 00:00:00,2020-04-01 00:00:00,,186.6422531
Kota Bima,ID5272,,,,Nusa Tenggara Barat,ID52,Indonesia,ID,2019-12-20 00:00:00,2020-04-01 00:00:00,,210.9988557
Kota Binjai,ID1276,,,,Sumatera Utara,ID12,Indonesia,ID,2019-12-20 00:00:00,2020-04-01 00:00:00,,94.20520374
Kota Bitung,ID7172,,,,Sulawesi Utara,ID71,Indonesia,ID,2019-12-20 00:00:00,2020-04-01 00:00:00,,310.9967298
Kota Blitar,ID3572,,,,Jawa Timur,ID35,Indonesia,ID,2019-12-20 00:00:00,2020-04-01 00:00:00,,33.36749732
Kota Bogor,ID3271,,,,Jawa Barat,ID32,Indonesia,ID,2019-12-20 00:00:00,2020-04-01 00:00:00,,111.7400903
Kota Bontang,ID6474,,,,Kalimantan Timur,ID64,Indonesia,ID,2019-12-20 00:00:00,2020-04-01 00:00:00,,165.5853406
Kota Bukittinggi,ID1375,,,,Sumatera Barat,ID13,Indonesia,ID,2019-12-20 00:00:00,2020-04-01 00:00:00,,23.83166017
Kota Cilegon,ID3672,,,,Banten,ID36,Indonesia,ID,2019-12-20 00:00:00,2020-04-01 00:00:00,,164.2861075
Kota Cimahi,ID3277,,,,Jawa Barat,ID32,Indonesia,ID,2019-12-20 00:00:00,2020-04-01 00:00:00,,41.14510477
Kota Cirebon,ID3274,,,,Jawa Barat,ID32,Indonesia,ID,2019-12-20 00:00:00,2020-04-01 00:00:00,,39.7793939
Kota Denpasar,ID5171,,,,Bali,ID51,Indonesia,ID,2019-12-20 00:00:00,2020-04-01 00:00:00,,125.6667235
Kota Depok,ID3276,,,,Jawa Barat,ID32,Indonesia,ID,2019-12-20 00:00:00,2020-04-01 00:00:00,,199.7321523
Kota Dumai,ID1473,,,,Riau,ID14,Indonesia,ID,2019-12-20 00:00:00,2020-04-01 00:00:00,,2270.123656
Kota Gorontalo,ID7571,,,,Gorontalo,ID75,Indonesia,ID,2019-12-20 00:00:00,2020-04-01 00:00:00,,67.26070208
Kota Gunungsitoli,ID1278,,,,Sumatera Utara,ID12,Indonesia,ID,2019-12-20 00:00:00,2020-04-01 00:00:00,,311.8251572
Kota Jakarta Barat,ID3174,,,,Dki Jakarta,ID31,Indonesia,ID,2019-12-20 00:00:00,2020-04-01 00:00:00,,125.4699996
Kota Jakarta Pusat,ID3173,,,,Dki Jakarta,ID31,Indonesia,ID,2019-12-20 00:00:00,2020-04-01 00:00:00,,47.88707574
Kota Jakarta Selatan,ID3171,,,,Dki Jakarta,ID31,Indonesia,ID,2019-12-20 00:00:00,2020-04-01 00:00:00,,144.8125728
Kota Jakarta Timur,ID3172,,,,Dki Jakarta,ID31,Indonesia,ID,2019-12-20 00:00:00,2020-04-01 00:00:00,,184.6580629
Kota Jakarta Utara,ID3175,,,,Dki Jakarta,ID31,Indonesia,ID,2019-12-20 00:00:00,2020-04-01 00:00:00,,140.263887
Kota Jambi,ID1571,,,,Jambi,ID15,Indonesia,ID,2019-12-20 00:00:00,2020-04-01 00:00:00,,171.4886207
Kota Jayapura,ID9471,,,,Papua,ID94,Indonesia,ID,2019-12-20 00:00:00,2020-04-01 00:00:00,,758.1969356
Kota Kediri,ID3571,,,,Jawa Timur,ID35,Indonesia,ID,2019-12-20 00:00:00,2020-04-01 00:00:00,,69.1781586
Kota Kendari,ID7471,,,,Sulawesi Tenggara,ID74,Indonesia,ID,2019-12-20 00:00:00,2020-04-01 00:00:00,,269.149065
Kota Kotamobagu,ID7174,,,,Sulawesi Utara,ID71,Indonesia,ID,2019-12-20 00:00:00,2020-04-01 00:00:00,,106.750245
Kota Kupang,ID5371,,,,Nusa Tenggara Timur,ID53,Indonesia,ID,2019-12-20 00:00:00,2020-04-01 00:00:00,,155.4692077
Kota Langsa,ID1173,,,,Aceh,ID11,Indonesia,ID,2019-12-20 00:00:00,2020-04-01 00:00:00,,212.4622599
Kota Lhokseumawe,ID1174,,,,Aceh,ID11,Indonesia,ID,2019-12-20 00:00:00,2020-04-01 00:00:00,,138.1401581
Kota Lubuklinggau,ID1674,,,,Sumatera Selatan,ID16,Indonesia,ID,2019-12-20 00:00:00,2020-04-01 00:00:00,,366.9494614
Kota Madiun,ID3577,,,,Jawa Timur,ID35,Indonesia,ID,2019-12-20 00:00:00,2020-04-01 00:00:00,,34.62473223
Kota Magelang,ID3371,,,,Jawa Tengah,ID33,Indonesia,ID,2019-12-20 00:00:00,2020-04-01 00:00:00,,17.87347864
Kota Makassar,ID7371,,,,Sulawesi Selatan,ID73,Indonesia,ID,2019-12-20 00:00:00,2020-04-01 00:00:00,,182.8826868
Kota Malang,ID3573,,,,Jawa Timur,ID35,Indonesia,ID,2019-12-20 00:00:00,2020-04-01 00:00:00,,109.9499804
Kota Manado,ID7171,,,,Sulawesi Utara,ID71,Indonesia,ID,2019-12-20 00:00:00,2020-04-01 00:00:00,,160.9253965
Kota Mataram,ID5271,,,,Nusa Tenggara Barat,ID52,Indonesia,ID,2019-12-20 00:00:00,2020-04-01 00:00:00,,60.20272111
Kota Medan,ID1275,,,,Sumatera Utara,ID12,Indonesia,ID,2019-12-20 00:00:00,2020-04-01 00:00:00,,283.3270627
Kota Metro,ID1872,,,,Lampung,ID18,Indonesia,ID,2019-12-20 00:00:00,2020-04-01 00:00:00,,77.78223472
Kota Mojokerto,ID3576,,,,Jawa Timur,ID35,Indonesia,ID,2019-12-20 00:00:00,2020-04-01 00:00:00,,20.21015544
Kota Padang,ID1371,,,,Sumatera Barat,ID13,Indonesia,ID,2019-12-20 00:00:00,2020-04-01 00:00:00,,686.0835433
Kota Padang Panjang,ID1374,,,,Sumatera Barat,ID13,Indonesia,ID,2019-12-20 00:00:00,2020-04-01 00:00:00,,21.09204239
Kota Padangsidimpuan,ID1277,,,,Sumatera Utara,ID12,Indonesia,ID,2019-12-20 00:00:00,2020-04-01 00:00:00,,134.5465101
Kota Pagar Alam,ID1673,,,,Sumatera Selatan,ID16,Indonesia,ID,2019-12-20 00:00:00,2020-04-01 00:00:00,,590.7659284
Kota Palangka Raya,ID6271,,,,Kalimantan Tengah,ID62,Indonesia,ID,2019-12-20 00:00:00,2020-04-01 00:00:00,,2602.294797
Kota Palembang,ID1671,,,,Sumatera Selatan,ID16,Indonesia,ID,2019-12-20 00:00:00,2020-04-01 00:00:00,,367.7984108
Kota Palopo,ID7373,,,,Sulawesi Selatan,ID73,Indonesia,ID,2019-12-20 00:00:00,2020-04-01 00:00:00,,280.9729155
Kota Palu,ID7271,,,,Sulawesi Tengah,ID72,Indonesia,ID,2019-12-20 00:00:00,2020-04-01 00:00:00,,388.484319
Kota Pangkal Pinang,ID1971,,,,Kepulauan Bangka Belitung,ID19,Indonesia,ID,2019-12-20 00:00:00,2020-04-01 00:00:00,,104.5908217
Kota Parepare,ID7372,,,,Sulawesi Selatan,ID73,Indonesia,ID,2019-12-20 00:00:00,2020-04-01 00:00:00,,87.69642535
Kota Pariaman,ID1377,,,,Sumatera Barat,ID13,Indonesia,ID,2019-12-20 00:00:00,2020-04-01 00:00:00,,64.70718572
Kota Pasuruan,ID3575,,,,Jawa Timur,ID35,Indonesia,ID,2019-12-20 00:00:00,2020-04-01 00:00:00,,38.92998546
Kota Payakumbuh,ID1376,,,,Sumatera Barat,ID13,Indonesia,ID,2019-12-20 00:00:00,2020-04-01 00:00:00,,75.26118783
Kota Pekalongan,ID3375,,,,Jawa Tengah,ID33,Indonesia,ID,2019-12-20 00:00:00,2020-04-01 00:00:00,,45.63404032
Kota Pekanbaru,ID1471,,,,Riau,ID14,Indonesia,ID,2019-12-20 00:00:00,2020-04-01 00:00:00,,625.6194308
Kota Pematang Siantar,ID1273,,,,Sumatera Utara,ID12,Indonesia,ID,2019-12-20 00:00:00,2020-04-01 00:00:00,,76.45504313
Kota Pontianak,ID6171,,,,Kalimantan Barat,ID61,Indonesia,ID,2019-12-20 00:00:00,2020-04-01 00:00:00,,108.4314576
Kota Prabumulih,ID1672,,,,Sumatera Selatan,ID16,Indonesia,ID,2019-12-20 00:00:00,2020-04-01 00:00:00,,406.6455221
Kota Probolinggo,ID3574,,,,Jawa Timur,ID35,Indonesia,ID,2019-12-20 00:00:00,2020-04-01 00:00:00,,54.93694357
Kota Sabang,ID1172,,,,Aceh,ID11,Indonesia,ID,2019-12-20 00:00:00,2020-04-01 00:00:00,,122.8989466
Kota Salatiga,ID3373,,,,Jawa Tengah,ID33,Indonesia,ID,2019-12-20 00:00:00,2020-04-01 00:00:00,,53.08410915
Kota Samarinda,ID6472,,,,Kalimantan Timur,ID64,Indonesia,ID,2019-12-20 00:00:00,2020-04-01 00:00:00,,724.4577152
Kota Sawah Lunto,ID1373,,,,Sumatera Barat,ID13,Indonesia,ID,2019-12-20 00:00:00,2020-04-01 00:00:00,,238.5870927
Kota Semarang,ID3374,,,,Jawa Tengah,ID33,Indonesia,ID,2019-12-20 00:00:00,2020-04-01 00:00:00,,385.6749038
Kota Serang,ID3673,,,,Banten,ID36,Indonesia,ID,2019-12-20 00:00:00,2020-04-01 00:00:00,,264.8645899
Kota Sibolga,ID1271,,,,Sumatera Utara,ID12,Indonesia,ID,2019-12-20 00:00:00,2020-04-01 00:00:00,,10.86128983
Kota Singkawang,ID6172,,,,Kalimantan Barat,ID61,Indonesia,ID,2019-12-20 00:00:00,2020-04-01 00:00:00,,450.9730975
Kota Solok,ID1372,,,,Sumatera Barat,ID13,Indonesia,ID,2019-12-20 00:00:00,2020-04-01 00:00:00,,60.86727004
Kota Sorong,ID9171,,,,Papua Barat,ID91,Indonesia,ID,2019-12-20 00:00:00,2020-04-01 00:00:00,,297.314327
Kota Subulussalam,ID1175,,,,Aceh,ID11,Indonesia,ID,2019-12-20 00:00:00,2020-04-01 00:00:00,,1167.516978
Kota Sukabumi,ID3272,,,,Jawa Barat,ID32,Indonesia,ID,2019-12-20 00:00:00,2020-04-01 00:00:00,,48.9503056
Kota Sungai Penuh,ID1572,,,,Jambi,ID15,Indonesia,ID,2019-12-20 00:00:00,2020-04-01 00:00:00,,352.7502904
Kota Surabaya,ID3578,,,,Jawa Timur,ID35,Indonesia,ID,2019-12-20 00:00:00,2020-04-01 00:00:00,,335.9537153
Kota Surakarta,ID3372,,,,Jawa Tengah,ID33,Indonesia,ID,2019-12-20 00:00:00,2020-04-01 00:00:00,,46.26627071
Kota Tangerang,ID3671,,,,Banten,ID36,Indonesia,ID,2019-12-20 00:00:00,2020-04-01 00:00:00,,181.4672046
Kota Tangerang Selatan,ID3674,,,,Banten,ID36,Indonesia,ID,2019-12-20 00:00:00,2020-04-01 00:00:00,,164.3964304
Kota Tanjung Balai,ID1272,,,,Sumatera Utara,ID12,Indonesia,ID,2019-12-20 00:00:00,2020-04-01 00:00:00,,60.77203835
Kota Tanjung Pinang,ID2172,,,,Kepulauan Riau,ID21,Indonesia,ID,2019-12-20 00:00:00,2020-04-01 00:00:00,,148.2768732
Kota Tarakan,ID6571,,,,Kalimantan Utara,ID65,Indonesia,ID,2019-12-20 00:00:00,2020-04-01 00:00:00,,250.9772828
Kota Tasikmalaya,ID3278,,,,Jawa Barat,ID32,Indonesia,ID,2019-12-20 00:00:00,2020-04-01 00:00:00,,183.9237975
Kota Tebing Tinggi,ID1274,,,,Sumatera Utara,ID12,Indonesia,ID,2019-12-20 00:00:00,2020-04-01 00:00:00,,39.93090873
Kota Tegal,ID3376,,,,Jawa Tengah,ID33,Indonesia,ID,2019-12-20 00:00:00,2020-04-01 00:00:00,,38.93611635
Kota Ternate,ID8271,,,,Maluku Utara,ID82,Indonesia,ID,2019-12-20 00:00:00,2020-04-01 00:00:00,,161.9871934
Kota Tidore Kepulauan,ID8272,,,,Maluku Utara,ID82,Indonesia,ID,2019-12-20 00:00:00,2020-04-01 00:00:00,,1683.953589
Kota Tomohon,ID7173,,,,Sulawesi Utara,ID71,Indonesia,ID,2019-12-20 00:00:00,2020-04-01 00:00:00,,150.3791794
Kota Tual,ID8172,,,,Maluku,ID81,Indonesia,ID,2019-12-20 00:00:00,2020-04-01 00:00:00,,231.0265198
Kota Yogyakarta,ID3471,,,,Daerah Istimewa Yogyakarta,ID34,Indonesia,ID,2019-12-20 00:00:00,2020-04-01 00:00:00,,32.90534433
Kotawaringin Barat,ID6201,,,,Kalimantan Tengah,ID62,Indonesia,ID,2019-12-20 00:00:00,2020-04-01 00:00:00,,8380.8567
Kotawaringin Timur,ID6202,,,,Kalimantan Tengah,ID62,Indonesia,ID,2019-12-20 00:00:00,2020-04-01 00:00:00,,15700.42003
Kuantan Singingi,ID1401,,,,Riau,ID14,Indonesia,ID,2019-12-20 00:00:00,2020-04-01 00:00:00,,5283.697851
Kubu Raya,ID6112,,,,Kalimantan Barat,ID61,Indonesia,ID,2019-12-20 00:00:00,2020-04-01 00:00:00,,8597.861762
Kudus,ID3319,,,,Jawa Tengah,ID33,Indonesia,ID,2019-12-20 00:00:00,2020-04-01 00:00:00,,435.527908
Kulon Progo,ID3401,,,,Daerah Istimewa Yogyakarta,ID34,Indonesia,ID,2019-12-20 00:00:00,2020-04-01 00:00:00,,574.9831395
Kuningan,ID3208,,,,Jawa Barat,ID32,Indonesia,ID,2019-12-20 00:00:00,2020-04-01 00:00:00,,1185.606966
Kupang,ID5303,,,,Nusa Tenggara Timur,ID53,Indonesia,ID,2019-12-20 00:00:00,2020-04-01 00:00:00,,5110.086058
Kutai Barat,ID6402,,,,Kalimantan Timur,ID64,Indonesia,ID,2019-12-20 00:00:00,2020-04-01 00:00:00,,13661.46851
Kutai Kartanegara,ID6403,,,,Kalimantan Timur,ID64,Indonesia,ID,2019-12-20 00:00:00,2020-04-01 00:00:00,,25219.42208
Kutai Timur,ID6404,,,,Kalimantan Timur,ID64,Indonesia,ID,2019-12-20 00:00:00,2020-04-01 00:00:00,,31454.69806
Labuhan Batu,ID1207,,,,Sumatera Utara,ID12,Indonesia,ID,2019-12-20 00:00:00,2020-04-01 00:00:00,,2731.765769
Labuhan Batu Selatan,ID1222,,,,Sumatera Utara,ID12,Indonesia,ID,2019-12-20 00:00:00,2020-04-01 00:00:00,,3081.491062
Labuhan Batu Utara,ID1223,,,,Sumatera Utara,ID12,Indonesia,ID,2019-12-20 00:00:00,2020-04-01 00:00:00,,3576.598245
Lahat,ID1604,,,,Sumatera Selatan,ID16,Indonesia,ID,2019-12-20 00:00:00,2020-04-01 00:00:00,,4233.048164
Lamandau,ID6207,,,,Kalimantan Tengah,ID62,Indonesia,ID,2019-12-20 00:00:00,2020-04-01 00:00:00,,7320.308701
Lamongan,ID3524,,,,Jawa Timur,ID35,Indonesia,ID,2019-12-20 00:00:00,2020-04-01 00:00:00,,1751.421198
Lampung Barat,ID1801,,,,Lampung,ID18,Indonesia,ID,2019-12-20 00:00:00,2020-04-01 00:00:00,,2420.808161
Lampung Selatan,ID1803,,,,Lampung,ID18,Indonesia,ID,2019-12-20 00:00:00,2020-04-01 00:00:00,,2166.910002
Lampung Tengah,ID1805,,,,Lampung,ID18,Indonesia,ID,2019-12-20 00:00:00,2020-04-01 00:00:00,,4616.135255
Lampung Timur,ID1804,,,,Lampung,ID18,Indonesia,ID,2019-12-20 00:00:00,2020-04-01 00:00:00,,3914.337522
Lampung Utara,ID1806,,,,Lampung,ID18,Indonesia,ID,2019-12-20 00:00:00,2020-04-01 00:00:00,,2552.609198
Landak,ID6103,,,,Kalimantan Barat,ID61,Indonesia,ID,2019-12-20 00:00:00,2020-04-01 00:00:00,,8252.761693
Langkat,ID1213,,,,Sumatera Utara,ID12,Indonesia,ID,2019-12-20 00:00:00,2020-04-01 00:00:00,,6239.606039
Lanny Jaya,ID9430,,,,Papua,ID94,Indonesia,ID,2019-12-20 00:00:00,2020-04-01 00:00:00,,3686.531045
Lebak,ID3602,,,,Banten,ID36,Indonesia,ID,2019-12-20 00:00:00,2020-04-01 00:00:00,,3307.977623
Lebong,ID1707,,,,Bengkulu,ID17,Indonesia,ID,2019-12-20 00:00:00,2020-04-01 00:00:00,,1666.197287
Lembata,ID5308,,,,Nusa Tenggara Timur,ID53,Indonesia,ID,2019-12-20 00:00:00,2020-04-01 00:00:00,,1259.21693
Lima Puluh Kota,ID1308,,,,Sumatera Barat,ID13,Indonesia,ID,2019-12-20 00:00:00,2020-04-01 00:00:00,,3324.122766
Lingga,ID2104,,,,Kepulauan Riau,ID21,Indonesia,ID,2019-12-20 00:00:00,2020-04-01 00:00:00,,2207.533457
Lombok Barat,ID5201,,,,Nusa Tenggara Barat,ID52,Indonesia,ID,2019-12-20 00:00:00,2020-04-01 00:00:00,,923.5709707
Lombok Tengah,ID5202,,,,Nusa Tenggara Barat,ID52,Indonesia,ID,2019-12-20 00:00:00,2020-04-01 00:00:00,,1166.468012
Lombok Timur,ID5203,,,,Nusa Tenggara Barat,ID52,Indonesia,ID,2019-12-20 00:00:00,2020-04-01 00:00:00,,1606.670026
Lombok Utara,ID5208,,,,Nusa Tenggara Barat,ID52,Indonesia,ID,2019-12-20 00:00:00,2020-04-01 00:00:00,,811.9107393
Lumajang,ID3508,,,,Jawa Timur,ID35,Indonesia,ID,2019-12-20 00:00:00,2020-04-01 00:00:00,,1810.393536
Luwu,ID7317,,,,Sulawesi Selatan,ID73,Indonesia,ID,2019-12-20 00:00:00,2020-04-01 00:00:00,,2898.425892
Luwu Timur,ID7325,,,,Sulawesi Selatan,ID73,Indonesia,ID,2019-12-20 00:00:00,2020-04-01 00:00:00,,6709.966748
Luwu Utara,ID7322,,,,Sulawesi Selatan,ID73,Indonesia,ID,2019-12-20 00:00:00,2020-04-01 00:00:00,,7568.368094
Madiun,ID3519,,,,Jawa Timur,ID35,Indonesia,ID,2019-12-20 00:00:00,2020-04-01 00:00:00,,1117.500025
Magelang,ID3308,,,,Jawa Tengah,ID33,Indonesia,ID,2019-12-20 00:00:00,2020-04-01 00:00:00,,1131.218991
Magetan,ID3520,,,,Jawa Timur,ID35,Indonesia,ID,2019-12-20 00:00:00,2020-04-01 00:00:00,,701.9620237
Mahakam Hulu,ID6411,,,,Kalimantan Timur,ID64,Indonesia,ID,2019-12-20 00:00:00,2020-04-01 00:00:00,,18120.10199
Majalengka,ID3210,,,,Jawa Barat,ID32,Indonesia,ID,2019-12-20 00:00:00,2020-04-01 00:00:00,,1340.681812
Majene,ID7601,,,,Sulawesi Barat,ID76,Indonesia,ID,2019-12-20 00:00:00,2020-04-01 00:00:00,,891.3561017
Malaka,ID5321,,,,Nusa Tenggara Timur,ID53,Indonesia,ID,2019-12-20 00:00:00,2020-04-01 00:00:00,,1116.191787
Malang,ID3507,,,,Jawa Timur,ID35,Indonesia,ID,2019-12-20 00:00:00,2020-04-01 00:00:00,,3456.826998
Malinau,ID6501,,,,Kalimantan Utara,ID65,Indonesia,ID,2019-12-20 00:00:00,2020-04-01 00:00:00,,39912.85804
Maluku Barat Daya,ID8108,,,,Maluku,ID81,Indonesia,ID,2019-12-20 00:00:00,2020-04-01 00:00:00,,4600.719209
Maluku Tengah,ID8103,,,,Maluku,ID81,Indonesia,ID,2019-12-20 00:00:00,2020-04-01 00:00:00,,8113.278449
Maluku Tenggara,ID8102,,,,Maluku,ID81,Indonesia,ID,2019-12-20 00:00:00,2020-04-01 00:00:00,,1012.389754
Maluku Tenggara Barat,ID8101,,,,Maluku,ID81,Indonesia,ID,2019-12-20 00:00:00,2020-04-01 00:00:00,,4432.507361
Mamasa,ID7603,,,,Sulawesi Barat,ID76,Indonesia,ID,2019-12-20 00:00:00,2020-04-01 00:00:00,,2970.039773
Mamberamo Raya,ID9428,,,,Papua,ID94,Indonesia,ID,2019-12-20 00:00:00,2020-04-01 00:00:00,,28903.61019
Mamberamo Tengah,ID9431,,,,Papua,ID94,Indonesia,ID,2019-12-20 00:00:00,2020-04-01 00:00:00,,3086.661482
Mamuju,ID7604,,,,Sulawesi Barat,ID76,Indonesia,ID,2019-12-20 00:00:00,2020-04-01 00:00:00,,4794.425684
Mamuju Tengah,ID7606,,,,Sulawesi Barat,ID76,Indonesia,ID,2019-12-20 00:00:00,2020-04-01 00:00:00,,2875.821
Mamuju Utara,ID7605,,,,Sulawesi Barat,ID76,Indonesia,ID,2019-12-20 00:00:00,2020-04-01 00:00:00,,2951.413129
Mandailing Natal,ID1202,,,,Sumatera Utara,ID12,Indonesia,ID,2019-12-20 00:00:00,2020-04-01 00:00:00,,6536.623087
Manggarai,ID5313,,,,Nusa Tenggara Timur,ID53,Indonesia,ID,2019-12-20 00:00:00,2020-04-01 00:00:00,,1341.486913
Manggarai Barat,ID5315,,,,Nusa Tenggara Timur,ID53,Indonesia,ID,2019-12-20 00:00:00,2020-04-01 00:00:00,,3135.771257
Manggarai Timur,ID5319,,,,Nusa Tenggara Timur,ID53,Indonesia,ID,2019-12-20 00:00:00,2020-04-01 00:00:00,,2401.349776
Manokwari,ID9105,,,,Papua Barat,ID91,Indonesia,ID,2019-12-20 00:00:00,2020-04-01 00:00:00,,1955.135287
Manokwari Selatan,ID9111,,,,Papua Barat,ID91,Indonesia,ID,2019-12-20 00:00:00,2020-04-01 00:00:00,,2375.839528
Mappi,ID9414,,,,Papua,ID94,Indonesia,ID,2019-12-20 00:00:00,2020-04-01 00:00:00,,25826.53029
Maros,ID7308,,,,Sulawesi Selatan,ID73,Indonesia,ID,2019-12-20 00:00:00,2020-04-01 00:00:00,,1441.097097
Maybrat,ID9110,,,,Papua Barat,ID91,Indonesia,ID,2019-12-20 00:00:00,2020-04-01 00:00:00,,3303.079405
Melawi,ID6110,,,,Kalimantan Barat,ID61,Indonesia,ID,2019-12-20 00:00:00,2020-04-01 00:00:00,,10024.76422
Mempawah,ID6104,,,,Kalimantan Barat,ID61,Indonesia,ID,2019-12-20 00:00:00,2020-04-01 00:00:00,,2001.895984
Merangin,ID1502,,,,Jambi,ID15,Indonesia,ID,2019-12-20 00:00:00,2020-04-01 00:00:00,,7418.179575
Merauke,ID9401,,,,Papua,ID94,Indonesia,ID,2019-12-20 00:00:00,2020-04-01 00:00:00,,44013.28318
Mesuji,ID1811,,,,Lampung,ID18,Indonesia,ID,2019-12-20 00:00:00,2020-04-01 00:00:00,,2176.291441
Mimika,ID9412,,,,Papua,ID94,Indonesia,ID,2019-12-20 00:00:00,2020-04-01 00:00:00,,17827.74762
Minahasa,ID7102,,,,Sulawesi Utara,ID71,Indonesia,ID,2019-12-20 00:00:00,2020-04-01 00:00:00,,1110.666827
Minahasa Selatan,ID7105,,,,Sulawesi Utara,ID71,Indonesia,ID,2019-12-20 00:00:00,2020-04-01 00:00:00,,1485.219154
Minahasa Tenggara,ID7109,,,,Sulawesi Utara,ID71,Indonesia,ID,2019-12-20 00:00:00,2020-04-01 00:00:00,,703.5292567
Minahasa Utara,ID7106,,,,Sulawesi Utara,ID71,Indonesia,ID,2019-12-20 00:00:00,2020-04-01 00:00:00,,1015.395619
Mojokerto,ID3516,,,,Jawa Timur,ID35,Indonesia,ID,2019-12-20 00:00:00,2020-04-01 00:00:00,,974.1021065
Morowali,ID7203,,,,Sulawesi Tengah,ID72,Indonesia,ID,2019-12-20 00:00:00,2020-04-01 00:00:00,,4135.369001
Morowali Utara,ID7212,,,,Sulawesi Tengah,ID72,Indonesia,ID,2019-12-20 00:00:00,2020-04-01 00:00:00,,8949.947936
Muara Enim,ID1603,,,,Sumatera Selatan,ID16,Indonesia,ID,2019-12-20 00:00:00,2020-04-01 00:00:00,,6751.479929
Muaro Jambi,ID1505,,,,Jambi,ID15,Indonesia,ID,2019-12-20 00:00:00,2020-04-01 00:00:00,,5418.158741
Mukomuko,ID1706,,,,Bengkulu,ID17,Indonesia,ID,2019-12-20 00:00:00,2020-04-01 00:00:00,,4259.247292
Muna,ID7402,,,,Sulawesi Tenggara,ID74,Indonesia,ID,2019-12-20 00:00:00,2020-04-01 00:00:00,,1941.85738
Muna Barat,ID7413,,,,Sulawesi Tenggara,ID74,Indonesia,ID,2019-12-20 00:00:00,2020-04-01 00:00:00,,814.1857719
Murung Raya,ID6213,,,,Kalimantan Tengah,ID62,Indonesia,ID,2019-12-20 00:00:00,2020-04-01 00:00:00,,23865.26103
Musi Banyuasin,ID1606,,,,Sumatera Selatan,ID16,Indonesia,ID,2019-12-20 00:00:00,2020-04-01 00:00:00,,14755.86841
Musi Rawas,ID1605,,,,Sumatera Selatan,ID16,Indonesia,ID,2019-12-20 00:00:00,2020-04-01 00:00:00,,6320.222604
Musi Rawas Utara,ID1613,,,,Sumatera Selatan,ID16,Indonesia,ID,2019-12-20 00:00:00,2020-04-01 00:00:00,,5833.840518
Nabire,ID9404,,,,Papua,ID94,Indonesia,ID,2019-12-20 00:00:00,2020-04-01 00:00:00,,12264.53886
Nagan Raya,ID1115,,,,Aceh,ID11,Indonesia,ID,2019-12-20 00:00:00,2020-04-01 00:00:00,,3423.920236
Nagekeo,ID5318,,,,Nusa Tenggara Timur,ID53,Indonesia,ID,2019-12-20 00:00:00,2020-04-01 00:00:00,,1412.487861
Natuna,ID2103,,,,Kepulauan Riau,ID21,Indonesia,ID,2019-12-20 00:00:00,2020-04-01 00:00:00,,1987.865768
Nduga,ID9429,,,,Papua,ID94,Indonesia,ID,2019-12-20 00:00:00,2020-04-01 00:00:00,,6972.362201
Ngada,ID5312,,,,Nusa Tenggara Timur,ID53,Indonesia,ID,2019-12-20 00:00:00,2020-04-01 00:00:00,,1712.968875
Nganjuk,ID3518,,,,Jawa Timur,ID35,Indonesia,ID,2019-12-20 00:00:00,2020-04-01 00:00:00,,1290.247115
Ngawi,ID3521,,,,Jawa Timur,ID35,Indonesia,ID,2019-12-20 00:00:00,2020-04-01 00:00:00,,1393.2755
Nias,ID1201,,,,Sumatera Utara,ID12,Indonesia,ID,2019-12-20 00:00:00,2020-04-01 00:00:00,,862.9859146
Nias Barat,ID1225,,,,Sumatera Utara,ID12,Indonesia,ID,2019-12-20 00:00:00,2020-04-01 00:00:00,,456.6168597
Nias Selatan,ID1214,,,,Sumatera Utara,ID12,Indonesia,ID,2019-12-20 00:00:00,2020-04-01 00:00:00,,2500.723835
Nias Utara,ID1224,,,,Sumatera Utara,ID12,Indonesia,ID,2019-12-20 00:00:00,2020-04-01 00:00:00,,1202.576168
Nunukan,ID6504,,,,Kalimantan Utara,ID65,Indonesia,ID,2019-12-20 00:00:00,2020-04-01 00:00:00,,14184.35608
Ogan Ilir,ID1610,,,,Sumatera Selatan,ID16,Indonesia,ID,2019-12-20 00:00:00,2020-04-01 00:00:00,,2384.256498
Ogan Komering Ilir,ID1602,,,,Sumatera Selatan,ID16,Indonesia,ID,2019-12-20 00:00:00,2020-04-01 00:00:00,,17944.1588
Ogan Komering Ulu,ID1601,,,,Sumatera Selatan,ID16,Indonesia,ID,2019-12-20 00:00:00,2020-04-01 00:00:00,,3866.796058
Ogan Komering Ulu Selatan,ID1608,,,,Sumatera Selatan,ID16,Indonesia,ID,2019-12-20 00:00:00,2020-04-01 00:00:00,,4232.228093
Ogan Komering Ulu Timur,ID1609,,,,Sumatera Selatan,ID16,Indonesia,ID,2019-12-20 00:00:00,2020-04-01 00:00:00,,3395.786312
Pacitan,ID3501,,,,Jawa Timur,ID35,Indonesia,ID,2019-12-20 00:00:00,2020-04-01 00:00:00,,1418.61559
Padang Lawas,ID1221,,,,Sumatera Utara,ID12,Indonesia,ID,2019-12-20 00:00:00,2020-04-01 00:00:00,,3831.149411
Padang Lawas Utara,ID1220,,,,Sumatera Utara,ID12,Indonesia,ID,2019-12-20 00:00:00,2020-04-01 00:00:00,,3957.25932
Padang Pariaman,ID1306,,,,Sumatera Barat,ID13,Indonesia,ID,2019-12-20 00:00:00,2020-04-01 00:00:00,,1354.305331
Pakpak Bharat,ID1216,,,,Sumatera Utara,ID12,Indonesia,ID,2019-12-20 00:00:00,2020-04-01 00:00:00,,1322.931933
Pamekasan,ID3528,,,,Jawa Timur,ID35,Indonesia,ID,2019-12-20 00:00:00,2020-04-01 00:00:00,,798.0828026
Pandeglang,ID3601,,,,Banten,ID36,Indonesia,ID,2019-12-20 00:00:00,2020-04-01 00:00:00,,2780.353351
Pangandaran,ID3218,,,,Jawa Barat,ID32,Indonesia,ID,2019-12-20 00:00:00,2020-04-01 00:00:00,,1133.233124
Pangkajene Dan Kepulauan,ID7309,,,,Sulawesi Selatan,ID73,Indonesia,ID,2019-12-20 00:00:00,2020-04-01 00:00:00,,881.6480736
Paniai,ID9410,,,,Papua,ID94,Indonesia,ID,2019-12-20 00:00:00,2020-04-01 00:00:00,,4709.020862
Parigi Moutong,ID7208,,,,Sulawesi Tengah,ID72,Indonesia,ID,2019-12-20 00:00:00,2020-04-01 00:00:00,,5781.75273
Pasaman,ID1309,,,,Sumatera Barat,ID13,Indonesia,ID,2019-12-20 00:00:00,2020-04-01 00:00:00,,3935.472253
Pasaman Barat,ID1312,,,,Sumatera Barat,ID13,Indonesia,ID,2019-12-20 00:00:00,2020-04-01 00:00:00,,3737.61674
Paser,ID6401,,,,Kalimantan Timur,ID64,Indonesia,ID,2019-12-20 00:00:00,2020-04-01 00:00:00,,10620.68725
Pasuruan,ID3514,,,,Jawa Timur,ID35,Indonesia,ID,2019-12-20 00:00:00,2020-04-01 00:00:00,,1491.151717
Pati,ID3318,,,,Jawa Tengah,ID33,Indonesia,ID,2019-12-20 00:00:00,2020-04-01 00:00:00,,1581.530452
Pegunungan Arfak,ID9112,,,,Papua Barat,ID91,Indonesia,ID,2019-12-20 00:00:00,2020-04-01 00:00:00,,3285.596158
Pegunungan Bintang,ID9417,,,,Papua,ID94,Indonesia,ID,2019-12-20 00:00:00,2020-04-01 00:00:00,,15286.6602
Pekalongan,ID3326,,,,Jawa Tengah,ID33,Indonesia,ID,2019-12-20 00:00:00,2020-04-01 00:00:00,,892.6202255
Pelalawan,ID1404,,,,Riau,ID14,Indonesia,ID,2019-12-20 00:00:00,2020-04-01 00:00:00,,13066.77452
Pemalang,ID3327,,,,Jawa Tengah,ID33,Indonesia,ID,2019-12-20 00:00:00,2020-04-01 00:00:00,,1137.350915
Penajam Paser Utara,ID6409,,,,Kalimantan Timur,ID64,Indonesia,ID,2019-12-20 00:00:00,2020-04-01 00:00:00,,3233.725609
Penukal Abab Lematang Ilir,ID1612,,,,Sumatera Selatan,ID16,Indonesia,ID,2019-12-20 00:00:00,2020-04-01 00:00:00,,1923.481357
Pesawaran,ID1809,,,,Lampung,ID18,Indonesia,ID,2019-12-20 00:00:00,2020-04-01 00:00:00,,1359.1018
Pesisir Barat,ID1813,,,,Lampung,ID18,Indonesia,ID,2019-12-20 00:00:00,2020-04-01 00:00:00,,2684.438108
Pesisir Selatan,ID1302,,,,Sumatera Barat,ID13,Indonesia,ID,2019-12-20 00:00:00,2020-04-01 00:00:00,,6100.422257
Pidie,ID1109,,,,Aceh,ID11,Indonesia,ID,2019-12-20 00:00:00,2020-04-01 00:00:00,,2975.826783
Pidie Jaya,ID1118,,,,Aceh,ID11,Indonesia,ID,2019-12-20 00:00:00,2020-04-01 00:00:00,,942.5241504
Pinrang,ID7315,,,,Sulawesi Selatan,ID73,Indonesia,ID,2019-12-20 00:00:00,2020-04-01 00:00:00,,1910.29869
Pohuwato,ID7503,,,,Gorontalo,ID75,Indonesia,ID,2019-12-20 00:00:00,2020-04-01 00:00:00,,4360.543154
Polewali Mandar,ID7602,,,,Sulawesi Barat,ID76,Indonesia,ID,2019-12-20 00:00:00,2020-04-01 00:00:00,,2085.742965
Ponorogo,ID3502,,,,Jawa Timur,ID35,Indonesia,ID,2019-12-20 00:00:00,2020-04-01 00:00:00,,1416.62833
Poso,ID7204,,,,Sulawesi Tengah,ID72,Indonesia,ID,2019-12-20 00:00:00,2020-04-01 00:00:00,,7313.17198
Pringsewu,ID1810,,,,Lampung,ID18,Indonesia,ID,2019-12-20 00:00:00,2020-04-01 00:00:00,,603.7216011
Probolinggo,ID3513,,,,Jawa Timur,ID35,Indonesia,ID,2019-12-20 00:00:00,2020-04-01 00:00:00,,1725.433611
Pulang Pisau,ID6210,,,,Kalimantan Tengah,ID62,Indonesia,ID,2019-12-20 00:00:00,2020-04-01 00:00:00,,9740.547406
Pulau Morotai,ID8207,,,,Maluku Utara,ID82,Indonesia,ID,2019-12-20 00:00:00,2020-04-01 00:00:00,,2342.954091
Pulau Taliabu,ID8208,,,,Maluku Utara,ID82,Indonesia,ID,2019-12-20 00:00:00,2020-04-01 00:00:00,,2990.444502
Puncak,ID9433,,,,Papua,ID94,Indonesia,ID,2019-12-20 00:00:00,2020-04-01 00:00:00,,7965.692093
Puncak Jaya,ID9411,,,,Papua,ID94,Indonesia,ID,2019-12-20 00:00:00,2020-04-01 00:00:00,,4419.691527
Purbalingga,ID3303,,,,Jawa Tengah,ID33,Indonesia,ID,2019-12-20 00:00:00,2020-04-01 00:00:00,,807.9917486
Purwakarta,ID3214,,,,Jawa Barat,ID32,Indonesia,ID,2019-12-20 00:00:00,2020-04-01 00:00:00,,988.8540729
Purworejo,ID3306,,,,Jawa Tengah,ID33,Indonesia,ID,2019-12-20 00:00:00,2020-04-01 00:00:00,,1089.796795
Raja Ampat,ID9108,,,,Papua Barat,ID91,Indonesia,ID,2019-12-20 00:00:00,2020-04-01 00:00:00,,7798.817696
Rejang Lebong,ID1702,,,,Bengkulu,ID17,Indonesia,ID,2019-12-20 00:00:00,2020-04-01 00:00:00,,1506.953935
Rembang,ID3317,,,,Jawa Tengah,ID33,Indonesia,ID,2019-12-20 00:00:00,2020-04-01 00:00:00,,1039.321705
Rokan Hilir,ID1409,,,,Riau,ID14,Indonesia,ID,2019-12-20 00:00:00,2020-04-01 00:00:00,,9178.085224
Rokan Hulu,ID1407,,,,Riau,ID14,Indonesia,ID,2019-12-20 00:00:00,2020-04-01 00:00:00,,7241.143117
Rote Ndao,ID5314,,,,Nusa Tenggara Timur,ID53,Indonesia,ID,2019-12-20 00:00:00,2020-04-01 00:00:00,,1285.991507
Sabu Raijua,ID5320,,,,Nusa Tenggara Timur,ID53,Indonesia,ID,2019-12-20 00:00:00,2020-04-01 00:00:00,,461.0206263
Sambas,ID6101,,,,Kalimantan Barat,ID61,Indonesia,ID,2019-12-20 00:00:00,2020-04-01 00:00:00,,5817.765401
Samosir,ID1217,,,,Sumatera Utara,ID12,Indonesia,ID,2019-12-20 00:00:00,2020-04-01 00:00:00,,1238.204718
Sampang,ID3527,,,,Jawa Timur,ID35,Indonesia,ID,2019-12-20 00:00:00,2020-04-01 00:00:00,,1226.243233
Sanggau,ID6105,,,,Kalimantan Barat,ID61,Indonesia,ID,2019-12-20 00:00:00,2020-04-01 00:00:00,,12757.12574
Sarmi,ID9419,,,,Papua,ID94,Indonesia,ID,2019-12-20 00:00:00,2020-04-01 00:00:00,,14037.74432
Sarolangun,ID1503,,,,Jambi,ID15,Indonesia,ID,2019-12-20 00:00:00,2020-04-01 00:00:00,,5870.541412
Sekadau,ID6109,,,,Kalimantan Barat,ID61,Indonesia,ID,2019-12-20 00:00:00,2020-04-01 00:00:00,,5700.997353
Seluma,ID1705,,,,Bengkulu,ID17,Indonesia,ID,2019-12-20 00:00:00,2020-04-01 00:00:00,,2453.47869
Semarang,ID3322,,,,Jawa Tengah,ID33,Indonesia,ID,2019-12-20 00:00:00,2020-04-01 00:00:00,,1003.922775
Seram Bagian Barat,ID8106,,,,Maluku,ID81,Indonesia,ID,2019-12-20 00:00:00,2020-04-01 00:00:00,,4991.365378
Seram Bagian Timur,ID8107,,,,Maluku,ID81,Indonesia,ID,2019-12-20 00:00:00,2020-04-01 00:00:00,,5811.278829
Serang,ID3604,,,,Banten,ID36,Indonesia,ID,2019-12-20 00:00:00,2020-04-01 00:00:00,,1467.149564
Serdang Bedagai,ID1218,,,,Sumatera Utara,ID12,Indonesia,ID,2019-12-20 00:00:00,2020-04-01 00:00:00,,1940.535948
Seruyan,ID6208,,,,Kalimantan Tengah,ID62,Indonesia,ID,2019-12-20 00:00:00,2020-04-01 00:00:00,,16608.94998
Siak,ID1405,,,,Riau,ID14,Indonesia,ID,2019-12-20 00:00:00,2020-04-01 00:00:00,,7821.279141
Siau Tagulandang Biaro,ID7108,,,,Sulawesi Utara,ID71,Indonesia,ID,2019-12-20 00:00:00,2020-04-01 00:00:00,,220.0113572
Sidenreng Rappang,ID7314,,,,Sulawesi Selatan,ID73,Indonesia,ID,2019-12-20 00:00:00,2020-04-01 00:00:00,,1980.63191
Sidoarjo,ID3515,,,,Jawa Timur,ID35,Indonesia,ID,2019-12-20 00:00:00,2020-04-01 00:00:00,,726.0997482
Sigi,ID7210,,,,Sulawesi Tengah,ID72,Indonesia,ID,2019-12-20 00:00:00,2020-04-01 00:00:00,,5427.92377
Sijunjung,ID1304,,,,Sumatera Barat,ID13,Indonesia,ID,2019-12-20 00:00:00,2020-04-01 00:00:00,,3067.745651
Sikka,ID5310,,,,Nusa Tenggara Timur,ID53,Indonesia,ID,2019-12-20 00:00:00,2020-04-01 00:00:00,,1694.86202
Simalungun,ID1209,,,,Sumatera Utara,ID12,Indonesia,ID,2019-12-20 00:00:00,2020-04-01 00:00:00,,4403.98216
Simeulue,ID1101,,,,Aceh,ID11,Indonesia,ID,2019-12-20 00:00:00,2020-04-01 00:00:00,,1837.480083
Sinjai,ID7307,,,,Sulawesi Selatan,ID73,Indonesia,ID,2019-12-20 00:00:00,2020-04-01 00:00:00,,871.0650897
Sintang,ID6107,,,,Kalimantan Barat,ID61,Indonesia,ID,2019-12-20 00:00:00,2020-04-01 00:00:00,,22400.50097
Situbondo,ID3512,,,,Jawa Timur,ID35,Indonesia,ID,2019-12-20 00:00:00,2020-04-01 00:00:00,,1658.09212
Sleman,ID3404,,,,Daerah Istimewa Yogyakarta,ID34,Indonesia,ID,2019-12-20 00:00:00,2020-04-01 00:00:00,,574.6430684
Solok,ID1303,,,,Sumatera Barat,ID13,Indonesia,ID,2019-12-20 00:00:00,2020-04-01 00:00:00,,3246.042572
Solok Selatan,ID1310,,,,Sumatera Barat,ID13,Indonesia,ID,2019-12-20 00:00:00,2020-04-01 00:00:00,,3610.296973
Soppeng,ID7312,,,,Sulawesi Selatan,ID73,Indonesia,ID,2019-12-20 00:00:00,2020-04-01 00:00:00,,1361.280707
Sorong,ID9107,,,,Papua Barat,ID91,Indonesia,ID,2019-12-20 00:00:00,2020-04-01 00:00:00,,7797.973645
Sorong Selatan,ID9106,,,,Papua Barat,ID91,Indonesia,ID,2019-12-20 00:00:00,2020-04-01 00:00:00,,5645.152042
Sragen,ID3314,,,,Jawa Tengah,ID33,Indonesia,ID,2019-12-20 00:00:00,2020-04-01 00:00:00,,977.7775257
Subang,ID3213,,,,Jawa Barat,ID32,Indonesia,ID,2019-12-20 00:00:00,2020-04-01 00:00:00,,2170.999474
Sukabumi,ID3202,,,,Jawa Barat,ID32,Indonesia,ID,2019-12-20 00:00:00,2020-04-01 00:00:00,,4164.150066
Sukamara,ID6206,,,,Kalimantan Tengah,ID62,Indonesia,ID,2019-12-20 00:00:00,2020-04-01 00:00:00,,3283.47486
Sukoharjo,ID3311,,,,Jawa Tengah,ID33,Indonesia,ID,2019-12-20 00:00:00,2020-04-01 00:00:00,,493.5527372
Sumba Barat,ID5301,,,,Nusa Tenggara Timur,ID53,Indonesia,ID,2019-12-20 00:00:00,2020-04-01 00:00:00,,710.0552648
Sumba Barat Daya,ID5317,,,,Nusa Tenggara Timur,ID53,Indonesia,ID,2019-12-20 00:00:00,2020-04-01 00:00:00,,1405.751089
Sumba Tengah,ID5316,,,,Nusa Tenggara Timur,ID53,Indonesia,ID,2019-12-20 00:00:00,2020-04-01 00:00:00,,1814.394283
Sumba Timur,ID5302,,,,Nusa Tenggara Timur,ID53,Indonesia,ID,2019-12-20 00:00:00,2020-04-01 00:00:00,,6985.763611
Sumbawa,ID5204,,,,Nusa Tenggara Barat,ID52,Indonesia,ID,2019-12-20 00:00:00,2020-04-01 00:00:00,,6646.474041
Sumbawa Barat,ID5207,,,,Nusa Tenggara Barat,ID52,Indonesia,ID,2019-12-20 00:00:00,2020-04-01 00:00:00,,1753.086838
Sumedang,ID3211,,,,Jawa Barat,ID32,Indonesia,ID,2019-12-20 00:00:00,2020-04-01 00:00:00,,1557.519928
Sumenep,ID3529,,,,Jawa Timur,ID35,Indonesia,ID,2019-12-20 00:00:00,2020-04-01 00:00:00,,2089.844206
Supiori,ID9427,,,,Papua,ID94,Indonesia,ID,2019-12-20 00:00:00,2020-04-01 00:00:00,,670.9452515
Tabalong,ID6309,,,,Kalimantan Selatan,ID63,Indonesia,ID,2019-12-20 00:00:00,2020-04-01 00:00:00,,3159.345072
Tabanan,ID5102,,,,Bali,ID51,Indonesia,ID,2019-12-20 00:00:00,2020-04-01 00:00:00,,861.5399716
Takalar,ID7305,,,,Sulawesi Selatan,ID73,Indonesia,ID,2019-12-20 00:00:00,2020-04-01 00:00:00,,573.0497134
Tambrauw,ID9109,,,,Papua Barat,ID91,Indonesia,ID,2019-12-20 00:00:00,2020-04-01 00:00:00,,11736.13811
Tana Tidung,ID6503,,,,Kalimantan Utara,ID65,Indonesia,ID,2019-12-20 00:00:00,2020-04-01 00:00:00,,2917.787085
Tana Toraja,ID7318,,,,Sulawesi Selatan,ID73,Indonesia,ID,2019-12-20 00:00:00,2020-04-01 00:00:00,,2022.173453
Tanah Bumbu,ID6310,,,,Kalimantan Selatan,ID63,Indonesia,ID,2019-12-20 00:00:00,2020-04-01 00:00:00,,4705.355775
Tanah Datar,ID1305,,,,Sumatera Barat,ID13,Indonesia,ID,2019-12-20 00:00:00,2020-04-01 00:00:00,,1315.218865
Tanah Laut,ID6301,,,,Kalimantan Selatan,ID63,Indonesia,ID,2019-12-20 00:00:00,2020-04-01 00:00:00,,3842.122688
Tangerang,ID3603,,,,Banten,ID36,Indonesia,ID,2019-12-20 00:00:00,2020-04-01 00:00:00,,1026.622869
Tanggamus,ID1802,,,,Lampung,ID18,Indonesia,ID,2019-12-20 00:00:00,2020-04-01 00:00:00,,2775.187224
Tanjung Jabung Barat,ID1507,,,,Jambi,ID15,Indonesia,ID,2019-12-20 00:00:00,2020-04-01 00:00:00,,4929.383076
Tanjung Jabung Timur,ID1506,,,,Jambi,ID15,Indonesia,ID,2019-12-20 00:00:00,2020-04-01 00:00:00,,4951.38751
Tapanuli Selatan,ID1203,,,,Sumatera Utara,ID12,Indonesia,ID,2019-12-20 00:00:00,2020-04-01 00:00:00,,4142.997323
Tapanuli Tengah,ID1204,,,,Sumatera Utara,ID12,Indonesia,ID,2019-12-20 00:00:00,2020-04-01 00:00:00,,2334.29622
Tapanuli Utara,ID1205,,,,Sumatera Utara,ID12,Indonesia,ID,2019-12-20 00:00:00,2020-04-01 00:00:00,,3712.589677
Tapin,ID6305,,,,Kalimantan Selatan,ID63,Indonesia,ID,2019-12-20 00:00:00,2020-04-01 00:00:00,,2191.433252
Tasikmalaya,ID3206,,,,Jawa Barat,ID32,Indonesia,ID,2019-12-20 00:00:00,2020-04-01 00:00:00,,2695.224997
Tebo,ID1508,,,,Jambi,ID15,Indonesia,ID,2019-12-20 00:00:00,2020-04-01 00:00:00,,6268.868725
Tegal,ID3328,,,,Jawa Tengah,ID33,Indonesia,ID,2019-12-20 00:00:00,2020-04-01 00:00:00,,994.7152171
Teluk Bintuni,ID9104,,,,Papua Barat,ID91,Indonesia,ID,2019-12-20 00:00:00,2020-04-01 00:00:00,,20754.32665
Teluk Wondama,ID9103,,,,Papua Barat,ID91,Indonesia,ID,2019-12-20 00:00:00,2020-04-01 00:00:00,,6436.355748
Temanggung,ID3323,,,,Jawa Tengah,ID33,Indonesia,ID,2019-12-20 00:00:00,2020-04-01 00:00:00,,872.8685604
Timor Tengah Selatan,ID5304,,,,Nusa Tenggara Timur,ID53,Indonesia,ID,2019-12-20 00:00:00,2020-04-01 00:00:00,,3954.095478
Timor Tengah Utara,ID5305,,,,Nusa Tenggara Timur,ID53,Indonesia,ID,2019-12-20 00:00:00,2020-04-01 00:00:00,,2615.477637
Toba Samosir,ID1206,,,,Sumatera Utara,ID12,Indonesia,ID,2019-12-20 00:00:00,2020-04-01 00:00:00,,2145.692354
Tojo Una-Una,ID7209,,,,Sulawesi Tengah,ID72,Indonesia,ID,2019-12-20 00:00:00,2020-04-01 00:00:00,,5447.008682
Toli-Toli,ID7206,,,,Sulawesi Tengah,ID72,Indonesia,ID,2019-12-20 00:00:00,2020-04-01 00:00:00,,3589.908897
Tolikara,ID9418,,,,Papua,ID94,Indonesia,ID,2019-12-20 00:00:00,2020-04-01 00:00:00,,3643.983944
Toraja Utara,ID7326,,,,Sulawesi Selatan,ID73,Indonesia,ID,2019-12-20 00:00:00,2020-04-01 00:00:00,,1238.807324
Trenggalek,ID3503,,,,Jawa Timur,ID35,Indonesia,ID,2019-12-20 00:00:00,2020-04-01 00:00:00,,1248.077319
Tuban,ID3523,,,,Jawa Timur,ID35,Indonesia,ID,2019-12-20 00:00:00,2020-04-01 00:00:00,,1977.277276
Tulang Bawang Barat,ID1812,,,,Lampung,ID18,Indonesia,ID,2019-12-20 00:00:00,2020-04-01 00:00:00,,1306.476954
Tulangbawang,ID1808,,,,Lampung,ID18,Indonesia,ID,2019-12-20 00:00:00,2020-04-01 00:00:00,,3092.737025
Tulungagung,ID3504,,,,Jawa Timur,ID35,Indonesia,ID,2019-12-20 00:00:00,2020-04-01 00:00:00,,1150.401034
Waduk Cirata,ID3288,,,,Jawa Barat,ID32,Indonesia,ID,2019-12-20 00:00:00,2020-04-01 00:00:00,,57.38235131
Wadung Kedungombo,ID3388,,,,Jawa Tengah,ID33,Indonesia,ID,2019-12-20 00:00:00,2020-04-01 00:00:00,,29.73479773
Wajo,ID7313,,,,Sulawesi Selatan,ID73,Indonesia,ID,2019-12-20 00:00:00,2020-04-01 00:00:00,,2504.728535
Wakatobi,ID7407,,,,Sulawesi Tenggara,ID74,Indonesia,ID,2019-12-20 00:00:00,2020-04-01 00:00:00,,463.2021033
Waropen,ID9426,,,,Papua,ID94,Indonesia,ID,2019-12-20 00:00:00,2020-04-01 00:00:00,,10796.34032
Way Kanan,ID1807,,,,Lampung,ID18,Indonesia,ID,2019-12-20 00:00:00,2020-04-01 00:00:00,,3650.97165
Wonogiri,ID3312,,,,Jawa Tengah,ID33,Indonesia,ID,2019-12-20 00:00:00,2020-04-01 00:00:00,,1922.753007
Wonosobo,ID3307,,,,Jawa Tengah,ID33,Indonesia,ID,2019-12-20 00:00:00,2020-04-01 00:00:00,,993.8601726
Yahukimo,ID9416,,,,Papua,ID94,Indonesia,ID,2019-12-20 00:00:00,2020-04-01 00:00:00,,14614.76977
Yalimo,ID9432,,,,Papua,ID94,Indonesia,ID,2019-12-20 00:00:00,2020-04-01 00:00:00,,4003.527702
