City/regency,Province,Year of legal establishment,Parent region,Parent region's province,Law,Note
Pidie Jaya,Aceh,2007,Pidie,Aceh,Undang-Undang Nomor 7 Tahun 2007,
Kota Subulussalam,Aceh,2007,Aceh Singkil,Aceh,Undang-undang Nomor 8 Tahun 2007,
Batu Bara,North Sumatera,2007,Asahan,North Sumatera,Undang-undang nomor 5 tahun 2007,
Padang Lawas Utara,North Sumatera,2007,Tapanuli Selatan,North Sumatera,Undang-Undang Nomor 37 Tahun 2007,
Padang Lawas,North Sumatera,2007,Tapanuli Selatan,North Sumatera,Undang-Undang Nomor 38 Tahun 2007,
Labuhan Batu Selatan,North Sumatera,2008,Labuhan Batu,North Sumatera,Undang-Undang Nomor 22 Tahun 2008,
Labuhan Batu Utara,North Sumatera,2008,Labuhan Batu,North Sumatera,Undang-Undang Nomor 23 Tahun 2008,
Nias Utara,North Sumatera,2008,Nias,North Sumatera,UU No. 45 Tahun 2008.,
Nias Barat,North Sumatera,2008,Nias,North Sumatera,Undang-Undang Nomor 46 Tahun 2008,
Kota Gunungsitoli,North Sumatera,2008,Nias,North Sumatera,Undang-Undang Nomor 47 Tahun 2008,
Kepulauan Meranti,Riau,2009,Bengkalis,Riau,Undang-Undang Nomor 12 Tahun 2009,
Kota Sungai Penuh,Jambi,2008,Kerinci,Jambi,Undang-Undang Nomor 25 Tahun 2008,
Empat Lawang,South Sumatera,2007,Lahat,South Sumatera,Undang-Undang Nomor 1 Tahun 2007,
Penukal Abab Lematang Ilir,South Sumatera,2013,Muara Enim,South Sumatera,Undang-Undang Nomor 7 Tahun 2013,
Musi Rawas Utara,South Sumatera,2013,Musi Rawas,South Sumatera,Undang-Undang Nomor 16 Tahun 2013,
Bengkulu Tengah,Bengkulu,2008,Bengkulu Utara,Bengkulu,Undang-Undang Nomor 24 Tahun 2008,
Pesawaran,Lampung,2007,Lampung Selatan,Lampung,Undang Nomor 33 Tahun 2007,
Pringsewu,Lampung,2008,Tanggamus,Lampung,Undang-undang Nomor 48 Tahun 2008,
Mesuji,Lampung,2008,Tulang Bawang,Lampung,Undang-undang Nomor 49 Tahun 2008,
Tulang Bawang Barat,Lampung,2008,Tulang Bawang,Lampung,Undang-Undang Nomor 50 Tahun 2008,
Pesisir Barat,Lampung,2012,Lampung Barat,Lampung,Undang-Undang Nomor 22 Tahun 2012,
Kepulauan Anambas,Riau Islands,2008,Natuna,Riau Islands,Undang-Undang Nomor 33 Tahun 2008,
Bandung Barat,West Java,2007,Bandung,West Java,Undang-Undang Nomor 12 Tahun 2007,
Pangandaran,West Java,2012,Ciamis,West Java,Undang-Undang Nomor 21 Tahun 2012,
Kota Serang,Banten,2007,Serang,Banten,Undang-Undang Nomor 32 Tahun 2007,
Kota Tangerang Selatan,Banten,2008,Tangerang,Banten,Undang-Undang Nomor 51 Tahun 2008,
Lombok Utara,West Nusa Tenggara,2008,Lombok Barat,West Nusa Tenggara,Undang-Undang Nomor 26 Tahun 2008,
Sumba Tengah,East Nusa Tenggara,2007,Sumba Barat,East Nusa Tenggara,Undang-Undang Nomor 3 Tahun 2007,
Sumba Barat Daya,East Nusa Tenggara,2007,Sumba Barat,East Nusa Tenggara,UU No.16 tahun 2007,
Nagekeo,East Nusa Tenggara,2007,Ngada,East Nusa Tenggara,Undang-Undang Nomor 2 Tahun 2007,
Manggarai Timur,East Nusa Tenggara,2007,Manggarai,East Nusa Tenggara,Undang-Undang Nomor 36 Tahun 2007,
Sabu Raijua,East Nusa Tenggara,2008,Kupang,East Nusa Tenggara,Undang-Undang Nomor 52 Tahun 2008,
Malaka,East Nusa Tenggara,2013,Belu,East Nusa Tenggara,Undang-Undang Nomor 3 Tahun 2013,
Kayong Utara,West Kalimantan,2007,Ketapang,West Kalimantan,Undang-Undang Nomor 6 Tahun 2007,
Kubu Raya,West Kalimantan,2007,Mempawah,West Kalimantan,Undang-Undang Nomor 35 Tahun 2007,
Mahakam Ulu,East Kalimantan,2013,Kutai Barat,East Kalimantan,Undang-undang Nomor 2 Tahun 2013,
Tana Tidung,North Kalimantan,2007,Bulungan,North Kalimantan,Undang-Undang Nomor 34 Tahun 2007,
Bolaang Mongondow Utara,North Sulawesi,2007,Bolaang Mongondow,North Sulawesi,Undang-Undang Nomor 10 Tahun 2007,
Siau Tagulandang Biaro,North Sulawesi,2007,Kepulauan Sangihe,North Sulawesi,Undang-Undang Nomor 15 Tahun 2007,
Minahasa Tenggara,North Sulawesi,2007,Minahasa Selatan,North Sulawesi,Undang-Undang Nomor 9 Tahun 2007,
Bolaang Mongondow Selatan,North Sulawesi,2008,Bolaang Mongondow,North Sulawesi,Undang-Undang Nomor 30 Tahun 2008,
Bolaang Mongondow Timur,North Sulawesi,2008,Bolaang Mongondow,North Sulawesi,Undang-Undang Nomor 29 Tahun 2008,
Kota Kotamobagu,North Sulawesi,2007,Bolaang Mongondow,North Sulawesi,Undang-Undang Nomor 4 Tahun 2007,
Sigi,Central Sulawesi,2008,Donggala,Central Sulawesi,Undang-Undang Nomor 27 Tahun 2008,
Banggai Laut,Central Sulawesi,2013,Banggai Kepulauan,Central Sulawesi,Undang-Undang Nomor 5 Tahun 2013,
Morowali Utara,Central Sulawesi,2013,Morowali,Central Sulawesi,Undang-Undang Nomor 12 Tahun 2013,
Toraja Utara,South Sulawesi,2008,Tana Toraja,South Sulawesi,Undang-Undang Nomor 28 Tahun 2008,
Buton Utara,Southeast Sulawesi,2007,Muna,Southeast Sulawesi,Undang-Undang Nomor 14 Tahun 2007,
Konawe Utara,Southeast Sulawesi,2007,Konawe,Southeast Sulawesi,Undang-Undang Nomor 13 Tahun 2007,
Kolaka Timur,Southeast Sulawesi,2013,Kolaka,Southeast Sulawesi,Undang-Undang Nomor 8 Tahun 2013,
Konawe Kepulauan,Southeast Sulawesi,2013,Konawe,Southeast Sulawesi,Undang-Undang No 13 Tahun 2013,
Muna Barat,Southeast Sulawesi,2014,Muna,Southeast Sulawesi,Undang-Undang Nomor 14 Tahun 2014,
Buton Tengah,Southeast Sulawesi,2014,Buton,Southeast Sulawesi,Undang-Undang Nomor 15 Tahun 2014,
Buton Selatan,Southeast Sulawesi,2014,Buton,Southeast Sulawesi,Undang-Undang Nomor 16 Tahun 2014,
Gorontalo Utara,Gorontalo,2007,Gorontalo,Gorontalo,Undang-Undang Nomor 11 Tahun 2007,
Mamuju Tengah,Maluku,2013,Mamuju,Maluku,UU No. 4 Tahun 2013,
Maluku Barat Daya,Maluku,2008,Maluku Tenggara Barat,Maluku,Undang-Undang Nomor 31 Tahun 2008,
Buru Selatan,Maluku,2008,Buru,Maluku,Undang-Undang Nomor 32 Tahun 2008,
Kota Tual,Maluku,2007,Maluku Tenggara,Maluku,UU Nomor 31 Tahun 2007,
Pulau Morotai,North Maluku,2008,Halmahera Utara,North Maluku,UU No. 53 Tahun 2008,Local GDP data available from 2010
Pulau Taliabu,North Maluku,2013,Kepulauan Sula,North Maluku,Undang-Undang Nomor 6 Tahun 2013,
Manokwari Selatan,West Papua,2012,Manokwari,West Papua,UU Nomor 23 Tahun 2012,
Pegunungan Arfak,West Papua,2012,Manokwari,West Papua,Undang-Undang Nomor 24 Tahun 2012,
Puncak,Central Papua,2008,Puncak Jaya,Central Papua,Undang-Undang Nomor 7 Tahun 2008,
Dogiyai,Central Papua,2008,Nabire,Central Papua,Undang-Undang Nomor 8 Tahun 2008,
Intan Jaya,Central Papua,2008,Paniai,Central Papua,Undang-Undang Nomor 54 Tahun 2008,Local GDP data available from 2010
Deiyai,Central Papua,2008,Paniai,Central Papua,Undang-Undang Nomor 55 Tahun 2008,Local GDP data available from 2010
Mamberamo Tengah,Papua Pegunungan,2008,Jayawijaya,Papua Pegunungan,Undang-Undang Nomor 3 Tahun 2008,
Yalimo,Papua Pegunungan,2008,Jayawijaya,Papua Pegunungan,Undang-Undang Nomor 4 Tahun 2008,
Lanny Jaya,Papua Pegunungan,2008,Jayawijaya,Papua Pegunungan,Undang-Undang Nomor 5 Tahun 2008,
Nduga,Papua Pegunungan,2008,Jayawijaya,Papua Pegunungan,Undang-Undang Nomor 6 Tahun 2008,
Tambrauw,Southwest Papua,2008,Sorong,Southwest Papua,Undang-Undang Nomor 56 Tahun 2008,
Maybrat,Southwest Papua,2009,Sorong,Southwest Papua,Undang-Undang Nomor 13 Tahun 2009,
Mamberamo Raya,Papua,2007,Sarmi and Waropen,Papua,Undang-Undang Nomor 19 Tahun 2007,2 parent regions
